Date,Close,High,Low,Open,Volume,Daily Return,7-Day MA,52-Week High,52-Week Low
2023-01-02,2932.7939453125,2937.649919541841,2909.1891553518903,2932.3893356780377,709547,0.00013797950686133856,,,
2023-01-03,2977.665771484375,2985.4440242743467,2918.271577635895,2924.2963755843903,1245178,0.018250337532672085,,,
2023-01-04,2980.633056640625,2992.053454899718,2955.050003400902,2973.484221029113,1231668,0.002404194904063666,,,
2023-01-05,2977.44091796875,3001.00070304536,2951.228228425236,2994.6160814211885,1826057,-0.005735347365224685,,,
2023-01-06,2887.92236328125,2968.8530692467866,2877.5362121079547,2967.4592187363287,2488376,-0.026803015506628898,,,
2023-01-09,2985.39892578125,2991.738541892258,2896.5549480175173,2903.6139921160507,2885060,0.028166599929351277,,,
2023-01-10,2955.229248046875,2965.6604033817757,2904.6027770099295,2953.970413920295,3864655,0.0004261498763318376,2956.726318359375,,
2023-01-11,2993.266845703125,3011.9708735396725,2941.516115492318,2958.556699558339,2720512,0.01173212132455248,2965.365304129464,,
2023-01-12,2998.347900390625,3012.4207633052556,2981.442331005253,2993.5369316546853,2250391,0.0016071185509912585,2968.319893973214,,
2023-01-13,3034.49658203125,3038.4981115465553,2971.955092826684,3006.035821355623,1742837,0.00946787143168251,2976.0146833147323,,
2023-01-16,3066.225341796875,3083.6530407390187,3033.1172268351675,3050.544925777311,1843607,0.005140201636456248,2988.698172433036,,
2023-01-17,3107.0126953125,3110.139707684702,3054.2237329495765,3062.5007620361607,1688475,0.0145345052083333,3019.9967912946427,,
2023-01-18,3117.68115234375,3135.1088531125965,3101.3570106168763,3108.4844527793143,2421189,0.0029585798816567513,3038.8942522321427,,
2023-01-19,3102.138916015625,3114.9222389947813,3091.0108193863184,3108.484549100195,1585044,-0.0020413912259615494,3059.88134765625,,
2023-01-20,3092.942138671875,3121.9575463467286,3086.0446139576375,3094.689421787962,1529349,-0.0005646069372213935,3074.120675223214,,
2023-01-23,3140.58056640625,3144.3513027053577,3086.044322440379,3115.841536579629,1067916,0.007939758661083212,3094.439627511161,,
2023-01-24,3160.26171875,3174.654462857429,3142.787990669495,3149.8694039858374,1387863,0.003299284329379564,3112.406075613839,,
2023-01-25,3154.237548828125,3159.0658153581485,3131.475720900872,3150.1450630560485,874110,0.0012991420046244797,3124.979248046875,,
2023-01-27,3137.040283203125,3169.1827036169857,3110.599771674109,3150.789304292453,1785879,-0.00436367518151628,3129.2689034598216,,
2023-01-30,3157.82421875,3180.632075416511,3113.588234689339,3145.2708153947992,1953798,0.003991199515716439,3135.0036272321427,,
2023-01-31,3088.8955078125,3171.9417516673952,3081.8140938931406,3171.9417516673952,2820375,-0.026181516041787433,3133.1117117745534,,
2023-02-01,3134.557373046875,3144.3517688563857,3085.492888129036,3092.8502482199547,2205161,0.013485012683987616,3139.0567452566966,,
2023-02-02,3182.42578125,3190.3350325720744,3145.363262166592,3151.708894962381,1813847,0.009746105148453395,3145.0346330915177,,
2023-02-03,3202.56640625,3222.5231973552636,3175.5279775823224,3222.5231973552636,1804469,-0.006192908439462043,3151.0781598772323,,
2023-02-06,3182.011962890625,3194.1515611886443,3160.7677220012893,3194.1515611886443,1138714,-0.003800570531944893,3155.0459333147323,,
2023-02-07,3193.599853515625,3212.4070586382527,3183.345399100722,3190.2429235610102,1455647,0.001052249008946222,3163.1258719308034,,
2023-02-08,3237.33056640625,3255.53985339965,3198.658396691303,3198.658396691303,1986946,0.01209012183199977,3174.4839215959823,,
2023-02-09,3256.4130859375,3262.620857439781,3223.718777786401,3232.639530446887,1655427,0.007354224084281531,3198.4150041852677,,
2023-02-10,3253.378662109375,3257.7931230269464,3226.340229319755,3237.238408660434,1187821,0.00498580932617193,3215.389474051339,,
2023-02-13,3202.658203125,3263.9083050860527,3194.3811744561426,3263.9083050860527,1087939,-0.018765877051634215,3218.2798200334823,,
2023-02-14,3218.936767578125,3241.6985980328905,3214.246361188052,3223.4430603616947,1579818,-0.001397974991084252,3220.6184430803573,,
2023-02-15,3237.835693359375,3242.7560170595057,3182.1956652731296,3206.888891516306,1429449,0.009650101044952758,3228.59326171875,,
2023-02-16,3272.2314453125,3287.8198047959163,3243.6756507734817,3243.8595398428197,1618931,0.008746342164696523,3239.826346261161,,
2023-02-17,3219.90185546875,3254.619390688415,3209.6476269306054,3242.893600647336,1061369,-0.00708988576560032,3237.3365304129466,,
2023-02-20,3207.1650390625,3239.0775411980735,3195.8990822539604,3220.6841423269884,1296082,-0.00419758742771984,3230.301095145089,,
2023-02-21,3173.78125,3227.030054530694,3168.0333123551145,3213.3270609968126,1139541,-0.012306811677160882,3218.9300362723216,,
2023-02-22,3128.30322265625,3170.1021750983955,3122.2793398488698,3140.6267096205747,1218430,-0.00392389421085117,3208.3078962053573,,
2023-02-23,3139.569091796875,3175.068214566864,3134.2349615691996,3146.1906700493637,1441570,-0.0021046334907555988,3196.969656808036,,
2023-02-24,3127.29150390625,3158.1004459242777,3110.5995848333705,3147.5702703492466,977592,-0.006442673141891921,3181.1776297433034,,
2023-02-27,3064.20263671875,3117.6813584091396,3049.625777134132,3117.6813584091396,1128022,-0.01715336352323005,3151.459228515625,,
2023-02-28,3046.728271484375,3119.5200483675294,3034.8183676201006,3061.121014443196,4116217,-0.004701788296154349,3126.720145089286,,
2023-03-01,3113.726318359375,3116.761273918401,3048.7057016935673,3056.063060853009,1669307,0.01886847763222232,3113.371756417411,,
2023-03-02,3054.637939453125,3099.1959069642853,3051.465122793596,3091.010933607377,1556538,-0.011767345679299395,3096.3512834821427,,
2023-03-03,3073.675048828125,3088.25190836795,3063.5128747920126,3084.573228310335,1043190,-0.0035331239285181747,3088.5472586495534,,
2023-03-06,3100.9892578125,3131.430198902516,3089.171408964008,3091.8383620479917,1334132,0.002959694102005659,3083.0358537946427,,
2023-03-08,3118.048828125,3123.199069523481,3063.2826636402224,3093.769631883684,1844590,0.0078477712080112,3081.7154715401784,,
2023-03-09,3068.80078125,3113.0827998019863,3063.28276151623,3113.0827998019863,1648500,-0.014224491091211244,3082.3723493303573,,
2023-03-10,3063.420654296875,3069.16859157978,3025.7141857210204,3046.774538114063,1024404,0.00546352083968636,3084.7569754464284,,
2023-03-13,3018.310791015625,3099.103887099542,3009.1601197869472,3065.2599875458113,1901233,-0.01531654630306776,3071.1261858258927,,
2023-03-14,2956.693115234375,3038.9575544339746,2951.5889016669603,3016.517695534815,2670334,-0.0198323319597943,3057.1340680803573,,
2023-03-15,2941.93212890625,2998.4460272576657,2935.5864960289846,2988.9273534129698,1780522,-0.015723106971153804,3038.313650948661,,
2023-03-16,2929.148681640625,2961.1532396142297,2917.1929727359693,2950.301089702708,1901060,-0.007169576059850352,3013.7649972098216,,
2023-03-17,2923.906982421875,2962.6249561150617,2891.4425853334556,2897.420440551225,6739966,0.009141421624543714,2986.030447823661,,
2023-03-20,2890.79833984375,2915.031506138674,2846.4242687303476,2915.031506138674,2289468,-0.00831317474404384,2960.6015276227677,,
2023-03-21,2856.5869140625,2903.168107097095,2848.631634298453,2890.798591207588,1815297,-0.01183468030223317,2931.0538504464284,,
2023-03-22,2879.30224609375,2890.9820076129013,2856.5864470077604,2878.6124937458226,1123939,0.0002396127820003578,2911.195486886161,,
2023-03-23,2873.646728515625,2893.603746811064,2851.896623184191,2864.6799461628207,1372218,0.003130116634779794,2899.331717354911,,
2023-03-24,2869.830078125,2915.3537406365167,2856.4948638539495,2895.9486148857454,1329577,-0.009018991782689448,2889.031424386161,,
2023-03-27,2871.4853515625,2899.4892548960856,2856.494687402186,2883.1651142967976,1524217,-0.004051021107456161,2880.7938058035716,,
2023-03-28,2865.599609375,2896.546639011127,2860.3115069743058,2875.808035994818,1303530,-0.003549759403981459,2872.464181082589,,
2023-03-29,2886.751708984375,2896.9601345079627,2854.7473766452163,2877.6470669445766,1740616,0.003163918933764687,2871.8860909598216,,
2023-03-31,2948.369873046875,2954.8996196587623,2898.799751373924,2933.701181901108,2382581,0.005000063140807402,2884.9979422433034,,
2023-04-03,2942.944091796875,2965.8898141068407,2918.8027535438537,2965.8898141068407,1521830,-0.0077365390314999595,2894.0896344866073,,
2023-04-05,2979.546875,3002.1248181336805,2929.60874969603,2929.60874969603,2655065,0.01704600496880396,2909.2182268415177,,
2023-04-06,2961.98095703125,2995.686995347432,2956.7388832326774,2965.935582713961,1703464,-0.001333348473837211,2922.382638113839,,
2023-04-10,3001.250732421875,3009.159983559372,2956.738798026706,2961.3371476348343,2203187,0.01347823054153727,2940.9205496651784,,
2023-04-11,2955.63525390625,3010.033640232757,2935.7242652855402,3001.8026392985266,2348779,-0.01537988700118713,2953.782784598214,,
2023-04-12,2981.247802734375,2998.99747647919,2942.023971821231,2968.6483701740635,2417727,0.0042441646800940305,2967.2822265625,,
2023-04-13,2932.689453125,2970.5337797333086,2924.550284690997,2952.140381716384,4174070,-0.006588754624221255,2965.042166573661,,
2023-04-17,2887.303955078125,2909.2839781910698,2823.6168077969783,2882.337826906714,5505048,0.0017229514615018982,2957.093575613839,,
2023-04-18,2879.2568359375,2903.260312610947,2860.725575355622,2901.512804903714,2617302,-0.007670470703627473,2942.766427176339,,
2023-04-19,2841.412353515625,2887.7636289587313,2824.7662376900453,2879.256681962595,3298034,-0.013143784187095822,2925.5423409598216,,
2023-04-20,2855.39111328125,2862.9323614573923,2830.7439153761175,2841.7799540325545,2419999,0.004789659814927223,2904.705252511161,,
2023-04-21,2906.938720703125,2910.2493976571473,2851.7124977803655,2860.173416034582,1929184,0.01635051371583609,2897.748604910714,,
2023-04-24,2919.76806640625,2925.4239465242517,2875.02599070183,2897.9719345104572,1640676,0.007521167350254101,2888.9657854352677,,
2023-04-25,2920.87158203125,2934.8505195080106,2894.66099006403,2927.3092712863568,2024090,-0.0021991831605404056,2887.277518136161,,
2023-04-26,2941.242431640625,2950.6690488552285,2925.4701814296627,2925.4701814296627,2000029,0.005391355656633103,2894.9830147879466,,
2023-04-27,2931.862060546875,2942.208348501938,2915.9517239413262,2929.1490788333113,2434446,0.0009262013098508247,2902.498046875,,
2023-04-28,2960.647705078125,2968.0050652212094,2939.4952946667568,2943.3118354294566,2931312,0.005889919457392113,2919.531668526786,,
2023-05-02,2960.78564453125,2975.1325870034434,2952.140835944684,2975.1325870034434,2321159,-0.004822286756182406,2934.5880301339284,,
2023-05-03,2924.458251953125,2957.658425458373,2918.2504800713327,2957.658425458373,2468285,-0.011225154743858842,2937.0908203125,,
2023-05-04,2961.98095703125,2965.429719336731,2922.711095151928,2924.688295728886,1953253,0.012750986611744272,2943.1212332589284,,
2023-05-05,2971.177734375,2983.409389911408,2952.186639259988,2961.3373105779083,1710027,0.00332296620244566,2950.3078264508927,,
2023-05-08,2989.47900390625,2993.387600899083,2971.7293303036295,2984.3287627630057,928235,0.0017257619895993093,2957.1987653459823,,
2023-05-09,3019.50634765625,3033.071479348302,2985.248642196661,2991.3185536466567,1107375,0.009423200339271829,2969.7193777901784,,
2023-05-10,3022.771240234375,3040.888693365604,3003.6880887487146,3025.714139172187,1559987,-0.0009726295355242038,2978.594168526786,,
2023-05-11,3018.494384765625,3043.8313346801706,3009.1598253633715,3043.1876106746317,1719623,-0.008114263419839765,2986.8382742745534,,
2023-05-12,3011.275146484375,3025.7139187593248,2998.1238222356833,3015.7354107050955,1027479,-0.0014789971974622641,2999.2406877790177,,
2023-05-15,2993.57177734375,3027.553537790775,2987.41003345753,3020.196178039157,1150390,-0.008815454071825492,3003.753662109375,,
2023-05-16,2996.423095703125,3021.116328105108,2989.3416807226185,2994.6297838844466,986306,0.0005988425775797246,3007.3601422991073,,
2023-05-17,2950.9453125,3016.5178334811326,2941.3348051619,2994.39972336341,1588815,-0.014511893827788806,3001.8553292410716,,
2023-05-18,2942.80615234375,2969.5684147449815,2938.3456630124733,2966.809404732763,1369364,-0.008090594680845447,2990.8981584821427,,
2023-05-19,2963.9580078125,2974.6720715435754,2945.7485002335166,2952.140160660033,1152449,0.004003145687305317,2982.496268136161,,
2023-05-22,3033.71484375,3042.6816246528992,2958.623891436203,2970.533570909172,1333243,0.021269334728134595,2984.6706194196427,,
2023-05-23,3032.19775390625,3060.6154646158416,3025.8060928695586,3040.4287547824956,1687418,-0.0027071842625151204,2987.6595633370534,,
2023-05-24,3037.99169921875,3050.7289928061655,3012.838637267653,3012.838637267653,1016555,0.00834862565819593,2994.0052664620534,,
2023-05-25,3028.932861328125,3040.42873525149,3004.653665413494,3029.3926962850596,1374917,-0.0001517911353977064,2998.6495186941966,,
2023-05-26,3061.489501953125,3070.456284830263,3026.634097298648,3028.9332723953503,1791115,0.010748414253453823,3014.4415457589284,,
2023-05-29,3053.625732421875,3101.126588125399,3045.946399724591,3090.8263311963337,1210372,-0.012035810100032341,3030.2729143415177,,
2023-05-30,3049.80908203125,3059.69553282269,3036.152119608709,3048.705523127727,1344224,0.000361976220776825,3042.537353515625,,
2023-05-31,3025.25390625,3060.3852488556463,3002.859856074551,3043.1874679377565,5815424,-0.0058930190389846005,3041.3286481584823,,
2023-06-01,3056.982421875,3071.69713870713,3032.611172121785,3047.7857238549186,1177314,0.0030175015087508064,3044.869315011161,,
2023-06-02,3040.06103515625,3067.926854638959,3032.5655904484856,3059.0521295537624,2030661,-0.006208163049605397,3045.1649344308034,,
2023-06-05,3024.702392578125,3059.7419072973767,3021.1617980068254,3048.7058679563584,1861468,-0.007873332626319781,3044.5605817522323,,
2023-06-06,2972.649169921875,3024.6565495489344,2961.8890766094332,3016.5173808287786,2022849,-0.014542668040205686,3031.8691057477677,,
2023-06-07,3011.826904296875,3015.45978007146,2980.6501840988403,2991.6862230402735,1567196,0.00673221713610518,3025.8978445870534,,
2023-06-08,2976.465576171875,3007.320545945049,2973.2927599511754,2999.0435169195125,1759366,-0.007528380505404802,3015.4202008928573,,
2023-06-09,2951.496826171875,2988.9273483672064,2947.8641747619263,2984.3289986004875,1775689,-0.011001525784861266,3004.883475167411,,
2023-06-12,2986.076416015625,2992.9739409759577,2953.060353017023,2956.739032995867,2324605,0.009922209127138383,2994.7540457589284,,
2023-06-13,2983.133056640625,3002.7220694111443,2978.810653238192,2998.1237201471154,1371928,-0.005000014977952539,2986.6214773995534,,
2023-06-14,2989.893310546875,2994.307771618209,2966.7176705833945,2983.1336459818185,1658544,0.0022659610219480193,2981.648751395089,,
2023-06-15,2979.932861328125,3008.793544788029,2974.0958056287536,3006.8016396344283,2273810,-0.008935999619040394,2982.689278738839,,
2023-06-16,2941.575439453125,2964.2749262033685,2924.0644972966825,2962.0513934909673,4156189,-0.006912761231232398,2972.6533551897323,,
2023-06-19,2974.466552734375,2978.635846247477,2941.6682009107667,2955.5658459544397,1468186,0.0063949537127743015,2972.3677804129466,,
2023-06-20,2990.494873046875,2994.942164191664,2965.8034836575825,2977.8017372658956,1528452,0.004262585927776979,2977.9389299665177,,
2023-06-21,3018.753662109375,3021.718447715978,2987.020706957234,3011.1563283053792,1645987,0.002523061899038429,2982.607107979911,,
2023-06-22,3000.501220703125,3027.508883993475,2992.7186308509686,3020.4211763137832,1529603,-0.006595092024539827,2985.0882742745534,,
2023-06-23,2979.97900390625,3010.599962776281,2973.3079543613294,2999.3893332328184,1119505,-0.006471427070672248,2983.671944754464,,
2023-06-26,2955.240966796875,2977.7088224045283,2939.81467394158,2969.4629782485863,1978803,-0.004789422045631818,2980.14453125,,
2023-06-27,2962.375732421875,2973.7716202061024,2948.431716890738,2966.6839118331172,863542,-0.0014521868656307934,2983.1160016741073,,
2023-06-28,2979.145751953125,2993.506653182032,2958.7161665780745,2972.243299505417,1575872,0.0023223039812577595,2983.7844587053573,,
2023-06-30,3059.56591796875,3066.7463664097395,2977.894198116161,2983.3605135466346,2672406,0.02554347826086966,2993.6517508370534,,
2023-07-03,3031.8173828125,3074.900078835827,3028.5282285215303,3070.7307856722796,1687264,-0.012672358984169371,2995.517996651786,,
2023-07-04,3065.681396484375,3071.3793400747436,3036.4499732116597,3048.2165999535164,1656681,0.005729512965425406,3004.8294503348216,,
2023-07-05,3075.9658203125,3084.350778301896,3062.114545595604,3076.0121910370362,1453008,-1.5074948230492032e-05,3018.5418526785716,,
2023-07-06,3078.698486328125,3083.8406595588453,3059.334527255893,3063.5501909386862,1848238,0.004944686538593077,3036.178641183036,,
2023-07-07,3084.58203125,3110.199930757501,3059.334645096493,3059.334645096493,1789326,0.008252574197456087,3053.6366838727677,,
2023-07-10,3031.492919921875,3080.412670096129,3025.238980370586,3080.412670096129,1407431,-0.015880907986502855,3061.1148507254466,,
2023-07-11,3031.91015625,3052.8493652895645,3021.1627797878978,3052.8493652895645,1110172,-0.006858906724203344,3057.1640276227677,,
2023-07-12,3020.32861328125,3047.429019608131,3011.2489999836316,3039.8316859801516,1515240,-0.006415839662719068,3055.522774832589,,
2023-07-13,3095.052001953125,3119.9750222295534,3032.2345994922275,3042.657833544412,4585146,0.017219868705275605,3059.718575613839,,
2023-07-14,3256.357177734375,3265.807757491409,3105.660467771408,3117.7050936905694,6306101,0.044472482122956944,3085.48876953125,,
2023-07-17,3235.093505859375,3289.016319019273,3221.520230779472,3252.0486766783647,2743228,-0.00521368912482198,3107.8309151785716,,
2023-07-18,3239.865234375,3265.0198799170403,3210.3558126880093,3220.5474184425743,2600090,0.005998301972453982,3130.014229910714,,
2023-07-19,3215.034423828125,3258.395114856219,3192.4274556893783,3242.7833388739086,2405370,-0.008557128906249944,3156.234444754464,,
2023-07-20,3217.125,3231.615999345678,3191.8119589657226,3207.6500721995853,1715404,0.002953853315401517,3182.6937081473216,,
2023-07-21,3128.877685546875,3190.743550376295,3120.2851854216624,3162.0865373821553,3770223,-0.010502195763046186,3198.2007184709823,,
2023-07-24,3153.44775390625,3170.818493731305,3132.4078294134024,3140.6751177427,1680132,0.0040668441289559805,3206.54296875,,
2023-07-25,3157.534423828125,3164.6407891152476,3139.9314569469643,3156.001798437655,1272980,0.000485622470566624,3192.4254324776784,,
2023-07-26,3147.4560546875,3177.6924112049487,3144.390576862288,3158.6495731471414,1066803,-0.0035437671069312843,3179.9057965959823,,
2023-07-27,3155.444580078125,3169.1461341109766,3144.437026978076,3153.633233546405,1701769,0.0005743681644561999,3167.845703125,,
2023-07-28,3116.894287109375,3152.47192520402,3094.228757385738,3144.3903763886888,2599831,-0.008744489706425333,3153.82568359375,,
2023-07-31,3178.249267578125,3183.0796001094527,3122.0031873822436,3125.2544032688634,2743678,0.016956976127713505,3148.2720075334823,,
2023-08-01,3206.674560546875,3214.0594205054076,3172.258069660684,3172.258069660684,1956167,0.010849209027269366,3159.3858468191966,,
2023-08-02,3196.084716796875,3201.4260004622265,3170.957642026737,3190.7899244338078,1914899,0.00165939860926657,3165.4768415178573,,
2023-08-03,3158.277587890625,3189.21063084712,3128.59867609207,3176.9024561267456,2026351,-0.0058625873766448315,3165.5830078125,,
2023-08-04,3198.778564453125,3224.2773416333084,3159.4852515788793,3159.4852515788793,2248493,0.012436618545571541,3172.914794921875,,
2023-08-07,3236.39990234375,3240.0690865999345,3196.642128515489,3208.439353054858,1853889,0.008714688423912287,3184.4798409598216,,
2023-08-08,3223.90625,3241.8806958970467,3210.9013844925967,3236.4001647193836,1634225,-0.003860435695060877,3199.767264229911,,
2023-08-09,3216.3818359375,3220.5619711755417,3181.593866924947,3218.6111506830484,1794589,-0.0006926325179341203,3205.214773995536,,
2023-08-10,3197.431884765625,3218.6110545764855,3186.2383664939557,3204.770253471881,1096701,-0.0022898267663043863,3203.8943917410716,,
2023-08-11,3203.655517578125,3220.236583715237,3171.329094804473,3193.7161307988767,1679974,0.003112169764681626,3204.9759347098216,,
2023-08-14,3204.630859375,3209.414700848217,3168.5422705045635,3196.1311156291627,1190425,0.002659385187382766,3211.597830636161,,
2023-08-16,3212.572509765625,3219.6323829704143,3191.021640153305,3204.769682991324,1328445,0.002434754302536337,3213.5683942522323,,
2023-08-17,3191.532958984375,3214.802421680767,3170.5857934276064,3209.414646959475,1843241,-0.0055716353111432615,3207.1588309151784,,
2023-08-18,3127.763427734375,3167.6139643125885,3117.9167950777723,3167.6139643125885,2526749,-0.012580616523093752,3193.424142020089,,
2023-08-21,3159.857177734375,3167.3815122350584,3132.314820516641,3135.101577474396,1375579,0.007896267361111108,3185.349190848214,,
2023-08-22,3141.742919921875,3168.54232050071,3125.858543041599,3158.3242127535664,1222012,-0.005250028722426527,3177.393624441964,,
2023-08-23,3156.69873046875,3160.1821764304236,3136.0302844294856,3147.1773115068418,1330046,0.0030253837072018877,3170.6855119977677,,
2023-08-24,3146.9453125,3170.447008335197,3137.981334949488,3165.755922072172,1152881,-0.0059419014084507275,3162.4447195870534,,
2023-08-25,3140.953369140625,3145.133503987289,3112.110393341278,3135.1011349979294,1158046,0.0018666811342593081,3152.2134137834823,,
2023-08-28,3135.6123046875,3152.7508133982506,3121.2605527357937,3152.7508133982506,1037485,-0.005436049255119373,3144.2247488839284,,
2023-08-29,3136.16943359375,3148.6170828467652,3125.8120786392947,3140.7212722469335,944517,-0.0014492972341754544,3145.425606863839,,
2023-08-30,3149.917724609375,3165.8488209595616,3142.5793554875713,3156.466648681639,1188200,-0.0020747642225205703,3144.005684988839,,
2023-08-31,3118.1953125,3174.4876672491537,3105.9798917034645,3159.2534865205184,3417652,-0.0129961632378345,3140.6417410714284,,
2023-09-01,3139.0029296875,3148.106380926571,3118.1952355297863,3126.741244673602,1277950,0.003921554121175102,3138.11376953125,,
2023-09-04,3175.50927734375,3188.839354347761,3130.5032017453473,3137.888061684127,1828332,0.011989342806394247,3142.1943359375,,
2023-09-05,3185.587890625,3201.9832173125233,3163.1078734372104,3176.902408821825,1501842,0.0027339466831139696,3148.5706961495534,,
2023-09-06,3186.09912109375,3199.1039868231646,3156.559678937854,3189.9077796292513,1314818,-0.0011939713617501418,3155.7830984933034,,
2023-09-07,3209.647216796875,3214.059581829734,3179.0393826105205,3186.9351937219517,1885092,0.007126603364782713,3166.2799246651784,,
2023-09-08,3197.245849609375,3218.703966769239,3190.8828912594386,3209.647007555386,1518917,-0.0038637139588307695,3173.041085379464,,
2023-09-11,3233.241455078125,3237.9325408464088,3200.1255872484753,3215.917208433736,1783604,0.005387031295132894,3189.476248604911,,
2023-09-12,3326.27294921875,3334.7259754079064,3235.424632526024,3243.7849028943087,4476016,0.025429567247458436,3216.2291085379466,,
2023-09-13,3314.24365234375,3333.750950799181,3293.0177630715493,3317.2626390094715,1754929,-0.0009100837028155772,3236.0483049665177,,
2023-09-14,3306.997314453125,3341.971015449601,3293.5744835760424,3316.286502158623,2604721,-0.0028010811790391455,3253.392508370536,,
2023-09-15,3342.529052734375,3350.9358144624653,3309.227218164352,3314.2435164908143,2952897,0.008534537701535585,3275.7396414620534,,
2023-09-18,3349.82080078125,3362.036220389306,3321.11729748375,3325.5761535614656,1395753,0.007290359955768873,3295.7644391741073,,
2023-09-20,3349.728515625,3367.331485897351,3325.530129520694,3325.530129520694,1649396,0.007276549951990233,3317.547677176339,,
2023-09-21,3330.453125,3348.7527827829417,3277.2260243157334,3333.472111558681,2004073,-0.0009056582619103347,3331.43505859375,,
2023-09-22,3347.498291015625,3375.4588388474685,3311.6421598212573,3329.2451265027385,1989083,0.00548267364501961,3334.4672502790177,,
2023-09-25,3322.882080078125,3362.6863447912865,3305.697080802258,3346.430264395196,1238778,-0.007036807121790383,3335.7013113839284,,
2023-09-26,3330.824462890625,3339.4169627375986,3284.6572387999286,3314.0111668297322,1726062,0.005073397527799154,3339.1051897321427,,
2023-09-27,3334.16845703125,3357.1127071544365,3302.9566931122054,3334.8186548656413,1541134,-0.00019497247127445036,3337.910818917411,,
2023-09-28,3285.35400390625,3346.709144183534,3276.6222567368527,3344.1081258394006,1755753,-0.01756944444444445,3328.7012765066966,,
2023-09-29,3277.783447265625,3314.80073078161,3256.3718204401093,3285.7720140406323,2243791,-0.002431260215520379,3318.423409598214,,
2023-10-03,3264.08154296875,3282.984905211429,3232.730532250144,3282.984905211429,1948148,-0.005757980249215224,3308.9417550223216,,
2023-10-04,3286.283203125,3295.804622906508,3230.1300947465506,3238.4903657742166,1788138,0.014757751900663052,3300.1967424665177,,
2023-10-05,3334.215087890625,3366.4020365150864,3298.776696384458,3301.37771461772,2990768,0.009946566588702944,3301.815743582589,,
2023-10-06,3363.98681640625,3376.573712868575,3320.931561429297,3335.747772538649,2075691,0.008465581270885479,3306.55322265625,,
2023-10-09,3379.73193359375,3417.492393516818,3372.9042894426652,3385.955644430069,4233074,-0.0018380957962508618,3313.0622907366073,,
2023-10-10,3370.953369140625,3388.695809075016,3345.3618374286275,3381.310949914247,1848148,-0.0030631849383401587,3325.290771484375,,
2023-10-11,3353.30419921875,3390.553937299432,3348.7525873875215,3390.553937299432,2426417,-0.010986328124999977,3336.0794503348216,,
2023-10-12,3290.7421875,3333.5652191327135,3286.6085431331553,3320.885564963059,4241281,-0.009076909418706335,3339.888113839286,,
2023-10-13,3317.030029296875,3322.742789618248,3274.439008499951,3279.0836028382487,2890357,0.011572265625000031,3344.280517578125,,
2023-10-16,3273.556640625,3320.5598001135572,3268.958537503607,3312.5247424765194,1671104,-0.011763867406583023,3335.6150251116073,,
2023-10-17,3257.7646484375,3282.93821127004,3254.3276943134188,3279.0832890528754,1672065,-0.00650140259826492,3320.4404296875,,
2023-10-18,3239.37255859375,3272.3026895076964,3236.353572052656,3261.4343833171283,1408245,-0.00676445457134715,3300.389090401786,,
2023-10-19,3218.32421875,3238.0684358855883,3214.8317596869083,3231.223125172474,1514545,-0.0039919578199309035,3278.5849260602677,,
2023-10-20,3254.552734375,3259.16273477458,3207.5209532330896,3213.4347140416057,1481211,0.01279566071584484,3264.4775739397323,,
2023-10-23,3175.94921875,3240.0242499313185,3167.7071513441997,3234.4829267293885,1106272,-0.018096774447523837,3248.0785784040177,,
2023-10-25,3157.276611328125,3189.7796767932823,3145.262414223449,3157.6490493920073,1518537,-0.00011794789669676532,3225.256661551339,,
2023-10-26,3107.590087890625,3142.0024058676267,3101.3036615496458,3136.7405251390774,1984471,-0.009293225568015349,3201.5471540178573,,
2023-10-27,3120.815185546875,3131.1063449752,3107.8232817317794,3119.930474618358,1108851,0.00028356751399252674,3181.9829450334823,,
2023-10-30,3146.51953125,3150.524263288147,3104.796239719202,3119.930229639093,910972,0.008522402635261144,3168.7182268415177,,
2023-10-31,3137.392578125,3165.5650829081633,3119.976893370138,3165.5650829081633,999811,-0.008899676375404534,3157.156563895089,,
2023-11-01,3101.908935546875,3140.04677064712,3083.6085408942245,3124.586727484181,1563475,-0.0072578532507451485,3135.3503069196427,,
2023-11-02,3129.337158203125,3144.098484984169,3113.5976698439777,3113.5976698439777,1245384,0.005055080979661721,3128.6914411272323,,
2023-11-03,3120.768310546875,3155.2272412387383,3114.621718793595,3149.732529726521,1402598,-0.009195771039695528,3123.4759695870534,,
2023-11-06,3148.102783203125,3159.3252644555632,3128.3121806905697,3143.213340229435,1099852,0.0015555555555555344,3129.263497488839,,
2023-11-07,3138.9755859375,3170.361105826031,3134.8312466684147,3146.0071156404942,1191144,-0.0022350647803804163,3131.857840401786,,
2023-11-08,3149.313720703125,3168.312609208247,3138.137850435721,3139.907272278595,992899,0.0029957726801606703,3132.257010323661,,
2023-11-09,3117.55517578125,3158.579973678366,3112.5261256846,3157.2762132454977,2112352,-0.012580792677437872,3129.423095703125,,
2023-11-10,3104.516845703125,3117.5553602980613,3094.179302698473,3108.754408421209,1338557,-0.001363106299617963,3129.795654296875,,
2023-11-13,3102.747314453125,3125.5181025923366,3098.509751884596,3125.5181025923366,1030990,-0.007285444330117715,3125.9971051897323,,
2023-11-15,3170.50146484375,3178.6039257134944,3125.5651509217823,3150.757471869869,2059802,0.006266427406792367,3133.1018415178573,,
2023-11-16,3257.62646484375,3286.9631232989923,3179.7212020773018,3194.482754503449,3951984,0.019766489661364905,3148.7480817522323,,
2023-11-17,3261.91064453125,3282.4463523893537,3252.6906421657363,3257.626697192936,2021292,0.0013150516423522764,3166.310232979911,,
2023-11-20,3277.8828125,3291.200542556456,3251.4797282683567,3251.4797282683567,1475621,0.008120328723594672,3184.67724609375,,
2023-11-21,3269.127685546875,3295.996426442188,3260.5595653542873,3277.8822521093884,1807236,-0.0026707995861900446,3206.3304617745534,,
2023-11-22,3287.708251953125,3290.0365583585913,3242.027062176816,3259.6289676526717,1798051,0.008614257812499991,3232.500662667411,,
2023-11-23,3267.311767578125,3300.606542947873,3259.628357877414,3287.5680295163634,2729804,-0.0061614730878187425,3256.0098702566966,,
2023-11-24,3219.6748046875,3263.8660077062705,3215.8562918450352,3254.273341378371,1989733,-0.01063172421657006,3263.0346330915177,,
2023-11-28,3231.828857421875,3242.166628681105,3197.2303156229036,3219.6752800377117,1689195,0.003774783581287419,3259.3492606026784,,
2023-11-29,3272.4345703125,3276.3926911019207,3237.0909254440503,3241.933757170491,1441634,0.00940821602987647,3260.8526785714284,,
2023-11-30,3248.080322265625,3275.135057994798,3241.9335030426573,3259.1163570597796,3266235,-0.003386204598141685,3256.5951799665177,,
2023-12-01,3270.478515625,3275.4145702734368,3250.3620863601263,3259.6286996171643,1172141,0.003328543526785721,3256.788155691964,,
2023-12-04,3271.223876953125,3304.146220363931,3257.7663114500283,3301.212417878817,1625213,-0.009084099151959816,3254.4332449776784,,
2023-12-05,3289.05859375,3295.0189667313125,3262.2364605867833,3295.0189667313125,1377656,-0.0018089039976681058,3257.5399344308034,,
2023-12-06,3356.5791015625,3364.728172438132,3283.051017305754,3289.989550978767,1896572,0.02024004926213904,3277.0976911272323,,
2023-12-07,3366.637451171875,3381.2127840148296,3345.030815693545,3357.4174498180882,1967653,0.0027461587638696267,3296.3560616629466,,
2023-12-08,3377.626953125,3394.6701987746455,3354.6699465710817,3383.494329807486,1641155,-0.001734117486409302,3311.383544921875,,
2023-12-11,3392.71484375,3402.121292502445,3366.731035421938,3374.0883926549964,1102503,0.005520439575783278,3332.0456194196427,,
2023-12-12,3419.90966796875,3444.403269429635,3381.6322197535496,3389.036188640435,2236866,0.009109811052416218,3353.3929268973216,,
2023-12-13,3346.754150390625,3399.3272621622086,3318.302201392863,3393.3202772695595,3850968,-0.013722879974183866,3364.1829659598216,,
2023-12-14,3415.392333984375,3425.404050554102,3378.465488934795,3380.7005719171807,3290396,0.010261707988980745,3382.230643136161,,
2023-12-15,3595.836181640625,3628.385857623635,3414.8801739559026,3414.8801739559026,8531230,0.052990441382046324,3416.410226004464,,
2023-12-18,3594.159423828125,3659.165773966342,3567.1044621574897,3593.1351055942864,2521612,0.00028507645934153317,3448.9133649553573,,
2023-12-19,3554.112548828125,3590.34112713648,3529.7119470698103,3580.934679810929,2004435,-0.00749025977324453,3474.1255929129466,,
2023-12-20,3520.44580078125,3631.0403520286277,3507.87294653418,3564.4041790444217,2586083,-0.01233260204373243,3492.372872488839,,
2023-12-21,3527.3837890625,3545.26513467688,3486.2659937315334,3498.27996242007,1517562,0.008319467554076518,3507.726318359375,,
2023-12-22,3561.376953125,3581.8194348785914,3503.6349627762156,3539.0252149254707,2413058,0.006315789473684224,3538.38671875,,
2023-12-26,3534.881103515625,3570.6904075901484,3529.8518256722914,3557.51228537649,1285231,-0.006361518961970381,3555.45654296875,,
2023-12-27,3549.456298828125,3555.9755563874555,3509.2232119367036,3538.094209699452,1293976,0.003211358560641025,3548.8308454241073,,
2023-12-28,3538.931884765625,3574.4153590343085,3531.6677519692553,3561.376845478686,1682889,-0.006302326792952488,3540.9411969866073,,
2023-12-29,3532.878662109375,3560.0734608663474,3506.8016322454937,3531.5749015656434,1574996,0.0003691725590057991,3537.907784598214,,
2024-01-01,3549.36328125,3568.8278306083957,3513.879802945062,3529.712285492124,825907,0.0055673080887203765,3542.0388532366073,,
2024-01-02,3523.37890625,3549.3629379884974,3508.5243592421702,3549.3629379884974,1344068,-0.007320759300321963,3541.466727120536,,
2024-01-03,3438.209716796875,3512.8087373367534,3433.83254667766,3508.29173242333,1803075,-0.019976108308999208,3523.871407645089,,
2024-01-04,3414.97314453125,3463.58813008378,3400.258204607658,3447.5228181063812,3598144,-0.009441467190349091,3506.74169921875,,
2024-01-05,3481.190185546875,3490.3638028676905,3422.4704854443794,3422.6100928660567,1963127,0.01711561968537409,3496.9893973214284,,
2024-01-08,3425.68359375,3482.9133158422196,3420.1886545813795,3481.1902782695042,1067805,-0.015944743056991572,3480.8110700334823,,
2024-01-09,3436.48681640625,3494.648088677372,3429.8279514524115,3455.1598780853456,1370944,-0.0054043987363742805,3467.0408063616073,3659.165773966342,2823.6168077969783
2024-01-10,3458.046875,3473.1342532438607,3434.7172021085626,3436.579847012092,1292227,0.00624662569867893,3453.99560546875,3659.165773966342,2823.6168077969783
2024-01-11,3479.001708984375,3513.879690118427,3452.412406909358,3468.244888948058,1777909,0.0031015168711398897,3447.656005859375,3659.165773966342,2823.6168077969783
2024-01-12,3616.138916015625,3637.0470599000287,3559.142026578151,3583.7288487280734,6813450,0.009043671732880808,3473.074462890625,3659.165773966342,2823.6168077969783
2024-01-15,3635.69677734375,3692.6936681850148,3618.1878690791377,3688.0370557408974,2801505,-0.01419190686158456,3504.6064104352677,3692.6936681850148,2823.6168077969783
2024-01-16,3596.115478515625,3631.2262899610105,3590.760374343459,3631.2262899610105,1432672,-0.009669133411611887,3521.0243094308034,3692.6936681850148,2823.6168077969783
2024-01-17,3617.815185546875,3641.4240726123803,3550.7133593055964,3556.7203434761736,3458696,0.017177297108208988,3548.4716796875,3692.6936681850148,2823.6168077969783
2024-01-18,3634.578857421875,3640.35301077668,3596.767077362911,3630.294683469867,2239110,0.0011801174079657032,3576.7705426897323,3692.6936681850148,2823.6168077969783
2024-01-19,3697.83447265625,3717.059591726697,3671.575773438078,3699.6631577031208,2941975,-0.0004942842007287147,3611.0259137834823,3717.059591726697,2823.6168077969783
2024-01-23,3618.30810546875,3689.253392795468,3603.772039730458,3657.4617018928593,2618854,-0.010705128205128166,3630.926827566964,3717.059591726697,2823.6168077969783
2024-01-24,3602.88134765625,3642.1285897607904,3568.9326446510017,3638.7056721419845,2657709,-0.009845348240174058,3629.032889229911,3717.059591726697,2823.6168077969783
2024-01-25,3573.340087890625,3620.8870436828015,3543.7051787524156,3601.0991467068993,2205154,-0.007708496124484429,3620.1247907366073,3717.059591726697,2823.6168077969783
2024-01-29,3564.618896484375,3582.437301912737,3545.7221002052784,3564.431380113515,1646747,5.2607653469287694e-05,3615.6252790178573,3717.059591726697,2823.6168077969783
2024-01-30,3564.1962890625,3608.5078419941947,3551.488909043992,3570.6670909234226,1411621,-0.0018122109107766705,3607.9654366629466,3717.059591726697,2823.6168077969783
2024-01-31,3578.638916015625,3595.566445988201,3560.3516062355598,3574.184314915353,2459358,0.001246326632256416,3599.9740164620534,3717.059591726697,2823.6168077969783
2024-02-01,3614.463134765625,3662.057029330496,3568.4167652804376,3582.436989907515,2363107,0.008939765011452943,3588.0638253348216,3717.059591726697,2823.6168077969783
2024-02-02,3719.638671875,3736.612908383376,3631.2030759637855,3634.063444426215,2826510,0.023548082953817696,3602.539620535714,3736.612908383376,2823.6168077969783
2024-02-05,3726.20361328125,3771.8749524182936,3715.700178349996,3735.300332044272,1691523,-0.0024353379793810815,3620.1570870535716,3771.8749524182936,2823.6168077969783
2024-02-06,3878.78564453125,3891.821123658746,3741.8652615279707,3748.4299374253883,4474396,0.03477608206154618,3663.792166573661,3891.821123658746,2823.6168077969783
2024-02-07,3829.456298828125,3896.603639652877,3820.594033092657,3894.7280181656797,2124267,-0.016758992934324608,3701.6260811941966,3896.603639652877,2823.6168077969783
2024-02-08,3877.003173828125,3899.4167572083225,3831.9413254430674,3835.6456317898123,2345173,0.010782419964853258,3746.3127790178573,3899.4167572083225,2823.6168077969783
2024-02-09,3876.628173828125,3924.503225662895,3845.0237708866407,3879.300567921934,2100596,-0.0006888855470254626,3788.8826729910716,3924.503225662895,2823.6168077969783
2024-02-12,3864.436767578125,3900.917512535836,3850.2285690197773,3873.1582239962727,1013716,-0.0022517686894673256,3824.593191964286,3924.503225662895,2823.6168077969783
2024-02-13,3891.4453125,3910.670430925413,3827.674187966924,3868.8911494158424,1257415,0.005829619447309347,3849.1369977678573,3924.503225662895,2823.6168077969783
2024-02-14,3845.11767578125,3858.997090733716,3797.6643636034514,3851.5884779156377,1391283,-0.001680034658814191,3866.1247209821427,3924.503225662895,2823.6168077969783
2024-02-15,3848.02490234375,3888.444175657724,3829.0809437517446,3871.282423660838,1091582,-0.006007704623909825,3861.7303292410716,3924.503225662895,2823.6168077969783
2024-02-16,3871.563720703125,3889.9920672478725,3845.1177337734257,3857.4498528668705,1307556,0.003658859706436626,3867.745675223214,3924.503225662895,2823.6168077969783
2024-02-19,3848.587158203125,3871.563519103643,3802.822181698031,3866.640013196389,772291,-0.004668873991799576,3863.6862444196427,3924.503225662895,2823.6168077969783
2024-02-20,3779.986572265625,3843.1482139238024,3760.6208730684352,3828.2371155114192,1193648,-0.012603854408675619,3849.880301339286,3924.503225662895,2823.6168077969783
2024-02-21,3743.271240234375,3810.653027573639,3733.0491956484493,3763.434169375059,1885939,-0.005357587839521603,3832.5709402901784,3924.503225662895,2823.6168077969783
2024-02-22,3832.92626953125,3840.287946278356,3724.0463538039667,3724.0463538039667,2982052,0.02923699261048853,3824.2110770089284,3924.503225662895,2823.6168077969783
2024-02-23,3800.102783203125,3873.1581442686033,3794.7570791114713,3873.1581442686033,2538072,-0.018861961826573934,3817.7803780691966,3924.503225662895,2823.6168077969783
2024-02-26,3752.227294921875,3798.133079811019,3735.065314473416,3785.0037308931537,1379284,-0.00865955182653001,3804.0950055803573,3924.503225662895,2823.6168077969783
2024-02-27,3849.14990234375,3867.5310824856756,3750.3047523909354,3750.3047523909354,2960475,0.026356564727119246,3800.8930315290177,3924.503225662895,2823.6168077969783
2024-02-28,3862.795654296875,3896.509674983892,3834.7080400231876,3840.8976823678586,1939225,0.005701264063747887,3802.9228166852677,3924.503225662895,2823.6168077969783
2024-02-29,3840.4287109375,3880.7545712662445,3811.778548098447,3844.08608110517,3772719,-0.0009514277491461137,3811.5574079241073,3924.503225662895,2823.6168077969783
2024-03-01,3839.72509765625,3882.536061925083,3832.644581510238,3851.7760560015763,2043265,-0.0031286757511640173,3825.3365304129466,3924.503225662895,2823.6168077969783
2024-03-04,3826.924072265625,3861.8105844645606,3822.4225351204777,3849.712918034811,1749271,-0.005919622126217988,3824.479073660714,3924.503225662895,2823.6168077969783
2024-03-05,3762.5908203125,3811.2631094828985,3732.4870019050036,3809.3874878739007,2070859,-0.012284564831056052,3819.1202218191966,3924.503225662895,2823.6168077969783
2024-03-06,3811.5439453125,3818.765041667535,3712.2765944807757,3745.662745858388,1744204,0.017588662921390188,3827.5940290178573,3924.503225662895,2823.6168077969783
2024-03-07,3853.089111328125,3867.5313044415575,3786.598195707899,3812.200473461429,2688905,0.010725731280750253,3828.1567731584823,3924.503225662895,2823.6168077969783
2024-03-11,3865.984375,3894.7281839316047,3834.70829378674,3834.70829378674,2304068,0.008156052251467417,3828.6123046875,3924.503225662895,2823.6168077969783
2024-03-12,3931.536865234375,3966.8925114142617,3864.764560938834,3865.983989585085,4039801,0.016956323623141898,3841.627755301339,3966.8925114142617,2823.6168077969783
2024-03-13,3890.9765625,3977.255146194866,3874.9399080779876,3943.493961270788,2837260,-0.013317479191438747,3848.949393136161,3977.255146194866,2823.6168077969783
2024-03-14,3945.932373046875,3962.2501875616867,3831.8945009176455,3895.1500154804917,2919608,0.013037330363287433,3865.9505789620534,3977.255146194866,2823.6168077969783
2024-03-15,3956.85791015625,3975.3796720157243,3917.2354069378816,3931.8653458631275,3373143,0.006356414092211529,3893.7030203683034,3977.255146194866,2823.6168077969783
2024-03-18,3894.25830078125,3990.1494293194514,3861.7632568743484,3953.105912671442,1526904,-0.014886424292746551,3905.519356863839,3990.1494293194514,2823.6168077969783
2024-03-19,3729.95458984375,3805.6358684946754,3719.9200610190014,3799.3056461900082,8931209,-0.018253613371644464,3887.9287109375,3990.1494293194514,2823.6168077969783
2024-03-20,3723.95263671875,3768.1236148774233,3713.9181074283624,3738.11367070717,1817913,-0.0037882834059835046,3867.6384626116073,3990.1494293194514,2823.6168077969783
2024-03-21,3725.875,3759.120343748554,3702.476668668117,3741.9116546616547,3829582,-0.004285685003192494,3838.2581961495534,3990.1494293194514,2823.6168077969783
2024-03-22,3667.683837890625,3693.098599879169,3615.260310445454,3654.6483605203457,5852485,0.0035668212326789533,3806.3592354910716,3990.1494293194514,2823.6168077969783
2024-03-26,3636.361083984375,3701.257540323518,3630.6872833100233,3634.0165571732955,3440925,0.0006451612903225693,3762.134765625,3990.1494293194514,2823.6168077969783
2024-03-27,3602.037109375,3652.772761001774,3591.252286075508,3646.6769913107573,1968575,-0.012241249236530824,3711.4460797991073,3990.1494293194514,2823.6168077969783
2024-03-28,3635.235595703125,3671.5288233376846,3601.661927465741,3610.6650016041267,4311783,0.006805005196572434,3674.4428362165177,3990.1494293194514,2823.6168077969783
2024-04-01,3673.17041015625,3688.691224515632,3646.255286286342,3655.3050688228736,1569676,0.004887510343734342,3666.330810546875,3990.1494293194514,2823.6168077969783
2024-04-02,3642.269287109375,3666.6993019354495,3632.140885633653,3648.0836677291272,2142666,-0.0015938177819730722,3654.6617606026784,3990.1494293194514,2823.6168077969783
2024-04-03,3701.820068359375,3733.4242418469757,3611.5088559037185,3611.5088559037185,3973090,0.025006504499642885,3651.225341796875,3990.1494293194514,2823.6168077969783
2024-04-04,3754.337890625,3778.111256202073,3690.5198221169708,3728.6417382256623,3394637,0.006891558428878631,3663.6044921875,3990.1494293194514,2823.6168077969783
2024-04-05,3731.783203125,3753.1183964079287,3714.199252617092,3730.610939757806,1636819,0.00031422825540472146,3677.2362234933034,3990.1494293194514,2823.6168077969783
2024-04-08,3725.5,3781.8622865716975,3713.7304297404708,3735.3000761758317,2302538,-0.0026236382555548054,3694.873779296875,3990.1494293194514,2823.6168077969783
2024-04-09,3701.116943359375,3766.1072720566044,3680.954012876369,3736.2379090370728,1876992,-0.009400088145551034,3704.285400390625,3990.1494293194514,2823.6168077969783
2024-04-10,3736.84716796875,3742.0520629416483,3674.342178842318,3710.3540167302876,2101965,0.007140329768804429,3713.382080078125,3990.1494293194514,2823.6168077969783
2024-04-12,3752.555908203125,3763.762930025122,3700.1323779568356,3724.0465524943843,4354821,0.007655477799987492,3729.1373116629466,3990.1494293194514,2823.6168077969783
2024-04-15,3696.099365234375,3811.450077595125,3675.326950485817,3752.555521752734,4200329,-0.015044722507393993,3728.320068359375,3990.1494293194514,2823.6168077969783
2024-04-16,3631.953857421875,3684.3773916573496,3622.622685379883,3659.337888086539,3051420,-0.007483329362346191,3710.8366350446427,3990.1494293194514,2823.6168077969783
2024-04-18,3621.8251953125,3691.2231923226304,3610.571466067614,3635.7048405060677,3476284,-0.0038175940573976237,3695.128348214286,3990.1494293194514,2823.6168077969783
2024-04-19,3588.2509765625,3612.962378176155,3564.5243218990936,3599.317187756726,2957749,-0.0030745307003973953,3675.5213448660716,3990.1494293194514,2823.6168077969783
2024-04-22,3624.263427734375,3636.8299998951316,3574.934491903105,3598.379760081903,1728883,0.007193145075905739,3664.5422712053573,3990.1494293194514,2823.6168077969783
2024-04-23,3633.735107421875,3652.772710601142,3620.5121138030436,3635.9390541705266,1807586,-0.0006061561307315012,3649.8119768415177,3990.1494293194514,2823.6168077969783
2024-04-24,3592.799560546875,3655.585938193527,3586.6099186323313,3648.083452943258,1317312,-0.015154229093027017,3626.9896414620534,3990.1494293194514,2823.6168077969783
2024-04-25,3612.634033203125,3632.7500252586483,3573.996281358353,3574.1837976912666,2856271,0.010757766720529376,3615.0660226004466,3990.1494293194514,2824.7662376900453
2024-04-26,3583.703125,3635.7046841917695,3566.07223748283,3615.400944510773,2039178,-0.00876744239360218,3608.1730608258927,3990.1494293194514,2824.7662376900453
2024-04-29,3629.514892578125,3636.6423454168485,3581.6865473099597,3599.3174341023114,1110693,0.008389773624772005,3609.2715890066966,3990.1494293194514,2830.7439153761175
2024-04-30,3583.046630859375,3640.346960554097,3573.059037730691,3631.2033055362826,2203078,-0.013261905386428236,3608.5281110491073,3990.1494293194514,2851.7124977803655
2024-05-02,3623.044189453125,3630.3591588386275,3543.095825813969,3543.095825813969,2491044,0.02256455020399827,3608.353934151786,3990.1494293194514,2875.02599070183
2024-05-03,3604.38134765625,3651.4596252829774,3561.4298032069573,3648.2239953859785,2962234,-0.012017531759337589,3604.1605398995534,3990.1494293194514,2894.66099006403
2024-05-06,3677.20263671875,3694.927167103904,3613.384573734727,3613.384573734727,2053831,0.017661575091649298,3616.2181222098216,3990.1494293194514,2915.9517239413262
2024-05-07,3731.501953125,3739.9891860111734,3670.1222867238534,3686.3464581217104,2062112,0.012249389881356274,3633.1992536272323,3990.1494293194514,2915.9517239413262
2024-05-08,3729.626220703125,3736.5192209369857,3693.66131770256,3714.6681858171114,1247685,0.004026748591738159,3654.04541015625,3990.1494293194514,2918.2504800713327
2024-05-09,3713.91796875,3724.0463703208047,3666.886852709913,3715.6060738380834,1726486,-0.0004543283261294773,3666.1029924665177,3990.1494293194514,2918.2504800713327
2024-05-10,3651.740966796875,3726.484662213695,3643.441479536376,3716.1687445881325,1672489,-0.017337150764502797,3675.9164690290177,3990.1494293194514,2918.2504800713327
2024-05-13,3702.289306640625,3709.0414982162547,3629.327584853832,3642.925840662716,931326,0.016295546100688604,3687.2372000558034,3990.1494293194514,2922.711095151928
2024-05-14,3658.58740234375,3700.4138550943817,3650.8035270075748,3691.2232635754413,1058317,-0.008841475820153743,3694.9809221540177,3990.1494293194514,2924.0644972966825
2024-05-15,3639.08056640625,3682.7357004952323,3634.485385536964,3661.6818959693137,1115021,-0.006172390230823346,3689.534912109375,3990.1494293194514,2924.0644972966825
2024-05-16,3684.94189453125,3693.018499850829,3630.6731306245456,3675.6374588606977,2599399,0.002531380141456136,3682.883475167411,3990.1494293194514,2924.0644972966825
2024-05-17,3621.7939453125,3702.937300542508,3617.9208829280115,3701.992673680125,2765804,-0.021663664798099096,3667.4788643973216,3990.1494293194514,2924.0644972966825
2024-05-21,3608.66357421875,3631.8542103330115,3599.0757035999536,3618.487832180219,1908117,-0.002715017547965491,3652.4425223214284,3990.1494293194514,2924.0644972966825
2024-05-22,3619.81005859375,3628.54785688237,3606.16024685102,3622.6439391197887,1311168,-0.0007822685788786753,3647.8809640066966,3990.1494293194514,2924.0644972966825
2024-05-23,3677.857666015625,3688.7681531563644,3613.6703123942825,3628.264752304816,2095742,0.01366849364542811,3644.3907296316966,3990.1494293194514,2924.0644972966825
2024-05-24,3636.341064453125,3668.7418115804035,3631.429050950218,3663.4990864307915,1309452,-0.00741313736865854,3641.2126813616073,3990.1494293194514,2924.0644972966825
2024-05-27,3634.02685546875,3691.9325288692844,3628.64252842061,3641.5365929797185,1841538,-0.002062244143158157,3640.49072265625,3990.1494293194514,2924.0644972966825
2024-05-28,3627.272705078125,3655.706066734782,3617.9209911096164,3644.370544047232,1801993,-0.004691575338582152,3632.252267020089,3990.1494293194514,2924.0644972966825
2024-05-29,3593.030029296875,3635.774396680819,3589.582233347775,3635.774396680819,1568095,-0.011756606081765191,3628.143136160714,3990.1494293194514,2924.0644972966825
2024-05-30,3529.220703125,3584.2922676744465,3509.714018991741,3567.8558516313005,2919230,-0.01082867417096902,3616.7941545758927,3990.1494293194514,2924.0644972966825
2024-05-31,3467.677978515625,3542.1618998121,3451.430442400017,3532.904510318457,10956800,-0.018462579900568158,3595.0610002790177,3990.1494293194514,2924.0644972966825
2024-06-03,3497.811767578125,3543.815050940118,3491.3409811408733,3526.1032967744277,2156773,-0.008023454452449797,3569.340157645089,3990.1494293194514,2924.0644972966825
2024-06-04,3509.288818359375,3537.627624429572,3392.6274000370645,3495.1194153242764,3395997,0.004054054054054118,3551.1898367745534,3990.1494293194514,2924.0644972966825
2024-06-05,3538.997314453125,3574.2792205302862,3495.1194421750433,3510.2334721952598,2799670,0.008194281800827527,3537.614188058036,3990.1494293194514,2924.0644972966825
2024-06-06,3618.298583984375,3627.2725390345563,3534.3213495003415,3571.634109972148,4328036,0.013065300805011866,3536.3321707589284,3990.1494293194514,2924.0644972966825
2024-06-07,3678.329833984375,3698.2142761529285,3624.8168128885063,3624.8168128885063,4552445,0.014762958753004067,3548.5178571428573,3990.1494293194514,2924.0644972966825
2024-06-10,3645.03173828125,3689.6180814133613,3629.161960387638,3679.3217405498876,1734661,-0.009319653100930737,3565.0622907366073,3990.1494293194514,2924.0644972966825
2024-06-11,3638.797119140625,3665.1048380918546,3628.311669035547,3632.0901763711736,1419898,0.0018465793644342641,3589.507882254464,3990.1494293194514,2924.0644972966825
2024-06-12,3619.4794921875,3677.9047569591216,3615.5121054162055,3659.8622913039767,2177001,-0.011033966827776095,3606.888985770089,3990.1494293194514,2924.0644972966825
2024-06-13,3663.404541015625,3674.598461482482,3638.7026410361236,3643.236896058969,1932323,0.005535639194495514,3628.905517578125,3990.1494293194514,2924.0644972966825
2024-06-14,3619.857666015625,3673.654123447534,3616.031880832389,3673.654123447534,1860730,-0.014643854762631752,3640.4569963727677,3990.1494293194514,2924.0644972966825
2024-06-18,3603.846435546875,3629.2568087209993,3584.906618726297,3614.1900547154564,1774045,-0.002861946663564646,3638.392403738839,3990.1494293194514,2924.0644972966825
2024-06-19,3591.18798828125,3621.557881055292,3582.9225030243783,3615.7010098615556,1509050,-0.0067796041524031255,3625.9435686383927,3990.1494293194514,2924.0644972966825
2024-06-20,3577.5380859375,3598.981069597492,3570.736818650082,3585.8035709865335,2846526,-0.00230505795574281,3616.3016183035716,3990.1494293194514,2924.0644972966825
2024-06-21,3599.737060546875,3663.0743420998706,3587.7403447033967,3615.08724810415,4642195,-0.004246145806114418,3610.721609933036,3990.1494293194514,2924.0644972966825
2024-06-24,3605.451904296875,3643.4258585651314,3581.363918973201,3597.8476118252383,1702154,0.0021135671357072543,3608.7176688058034,3990.1494293194514,2924.0644972966825
2024-06-25,3625.90283203125,3634.593352796922,3582.875033532891,3605.6406325261373,1338808,0.005619583749508846,3603.360281808036,3990.1494293194514,2924.0644972966825
2024-06-26,3642.339599609375,3652.8248194664434,3628.3117983770853,3631.6179924136177,1639845,0.002952294877422282,3606.5719866071427,3990.1494293194514,2924.0644972966825
2024-06-27,3716.3037109375,3723.7191241208575,3606.679947095457,3618.865541478185,4526556,0.026925059343187042,3622.6373116629466,3990.1494293194514,2924.0644972966825
2024-06-28,3687.96484375,3740.722345851188,3682.013879060851,3700.8591386940006,2731571,-0.0034841355644113837,3636.462576729911,3990.1494293194514,2939.81467394158
2024-07-01,3757.914306640625,3780.1130365410763,3668.9305078023185,3668.9305078023185,2658723,0.024253334493273788,3662.2306082589284,3990.1494293194514,2939.81467394158
2024-07-02,3794.944091796875,3800.61185331036,3762.023982045802,3772.462155624164,2307449,0.005959486204306589,3690.1173270089284,3990.1494293194514,2939.81467394158
2024-07-03,3745.681884765625,3803.162524946505,3735.9994588608656,3797.4002085008037,1821198,-0.013619402985074592,3710.1501813616073,3990.1494293194514,2939.81467394158
2024-07-04,3798.297607421875,3823.2358967427767,3761.598989570618,3778.3661175753045,2518001,0.005275161068658195,3734.778006417411,3990.1494293194514,2939.81467394158
2024-07-05,3789.654052734375,3803.7761780539627,3767.171887521997,3787.953678275629,1668616,0.00044888998207602364,3755.822928292411,3990.1494293194514,2939.81467394158
2024-07-08,3772.08447265625,3808.027575962725,3757.7734659218268,3799.2897762535395,1758882,-0.007160628748912243,3763.7916085379466,3990.1494293194514,2948.431716890738
2024-07-09,3764.81005859375,3785.0722570451912,3754.9860322602553,3764.3377452003747,1305801,0.00012547051442913897,3774.7694963727677,3990.1494293194514,2958.7161665780745
2024-07-10,3692.688232421875,3781.624995321451,3685.9342421919528,3763.1102154389605,2669716,-0.01871377105250979,3765.451485770089,3990.1494293194514,2977.894198116161
2024-07-11,3706.4326171875,3759.615159156207,3679.8887389846327,3713.3284398600626,4872189,-0.0018570462549287762,3752.8069893973216,3990.1494293194514,3011.2489999836316
2024-07-12,3952.2724609375,3967.3864934720764,3751.3973839095465,3759.615592975855,13509164,0.0512437676664573,3782.3199288504466,3990.1494293194514,3011.2489999836316
2024-07-15,3938.338623046875,4005.2180225102193,3926.8610373129627,4001.156311371623,4848030,-0.015699883592704127,3802.3257882254466,4005.2180225102193,3011.2489999836316
2024-07-16,3947.076416015625,3962.2845399612966,3915.383907085896,3940.983388073058,2029521,0.0015460679080776811,3824.814697265625,4005.2180225102193,3011.2489999836316
2024-07-18,4076.5849609375,4085.511870794273,3929.648412139694,3929.648412139694,5613364,0.037391779972956715,3868.314767020089,4085.511870794273,3011.2489999836316
2024-07-19,4073.6015625,4126.95500501344,4057.363678860647,4087.8038739597537,3903354,-0.0034743133226683522,3912.4278390066966,4126.95500501344,3011.2489999836316
2024-07-22,4059.352783203125,4090.219237805453,4038.191243077126,4071.282819315056,1896386,-0.002930289208927492,3964.8084891183034,4126.95500501344,3011.2489999836316
2024-07-23,4073.55517578125,4129.749091200278,4039.4220034038367,4055.2340980748054,2365208,0.004517884113063268,4017.254568917411,4129.749091200278,3011.2489999836316
2024-07-24,4077.247314453125,4108.350472060897,4041.1261912304362,4059.494423388743,1809793,0.004373177842565499,4035.1081194196427,4129.749091200278,3032.2345994922275
2024-07-25,4092.633056640625,4112.042883745572,4046.901795265646,4066.5954836949645,2810342,0.006402793946449375,4057.1501813616073,4129.749091200278,3083.6085408942245
2024-07-26,4154.5078125,4187.2679052166895,4106.4090376287495,4118.670552129421,3552210,0.00870117187500002,4086.7832380022323,4187.2679052166895,3083.6085408942245
2024-07-29,4148.1171875,4195.363458517048,4138.5542038316435,4180.214323934273,1746803,-0.007678347076727016,4097.00212751116,4195.363458517048,3083.6085408942245
2024-07-30,4133.205078125,4164.11869081323,4097.178262267316,4157.585718481626,1797906,-0.005864134141178902,4105.51691545759,4195.363458517048,3083.6085408942245
2024-07-31,4152.140625,4179.266948047126,4113.936313834336,4118.670417762799,2330091,0.008126459231321935,4118.772321428572,4195.363458517048,3083.6085408942245
2024-08-01,4163.26611328125,4184.285259071731,4132.920227203137,4165.443616342355,2202244,-0.0005227541797858371,4131.588169642857,4195.363458517048,3083.6085408942245
2024-08-02,4055.281005859375,4164.118251496919,4042.9251782382544,4132.873162297419,2811282,-0.01877438609679266,4128.450125558035,4195.363458517048,3083.6085408942245
2024-08-05,3934.088134765625,4013.573937057952,3891.907447104674,4013.573937057952,2787771,-0.01980424517869783,4105.800851004465,4195.363458517048,3083.6085408942245
2024-08-06,3949.37939453125,4031.7999662691227,3939.532087639672,3949.14268931395,2203067,5.9938380535202823e-05,4076.4967912946427,4195.363458517048,3083.6085408942245
2024-08-07,3977.073486328125,4019.207010572527,3957.994677970089,4003.158213602941,1237666,-0.0065160370594843755,4052.0619768415177,4195.363458517048,3083.6085408942245
2024-08-08,3950.65673828125,4006.9454168344964,3938.7743227862725,3958.657558550338,2441283,-0.0020210943105717274,4025.983642578125,4195.363458517048,3083.6085408942245
2024-08-09,4003.86865234375,4027.4443989451242,3981.902223791584,3992.7435074037467,1302536,0.0027863410007114096,4004.801932198661,4195.363458517048,3083.6085408942245
2024-08-12,3972.5283203125,4013.5730915961017,3963.7230724118513,4005.0517049897408,936912,-0.008120590462470463,3977.5536760602677,4195.363458517048,3083.6085408942245
2024-08-13,3973.760009765625,4008.839537848005,3960.5516737879557,3988.956299705632,1495593,-0.003809590478874959,3965.9078194754466,4195.363458517048,3083.6085408942245
2024-08-14,4066.83251953125,4077.200393436632,3965.4279074613096,3985.1692159262047,3226545,0.020491803278688544,3984.8713030133927,4195.363458517048,3083.6085408942245
2024-08-16,4181.2080078125,4191.575880991633,4095.0949293450403,4118.670675923561,3457058,0.015183863146551653,4017.989676339286,4195.363458517048,3083.6085408942245
2024-08-19,4251.2255859375,4255.249574521071,4156.87498137627,4185.894947757169,2055210,0.015607328658674518,4057.1542619977677,4255.249574521071,3083.6085408942245
2024-08-20,4282.7548828125,4322.23750010525,4260.694140300903,4265.428244901237,2212298,0.004062109808546097,4104.59685407366,4322.23750010525,3083.6085408942245
2024-08-21,4309.45458984375,4317.502566118313,4253.6393224018875,4277.736095114591,1896990,0.007414785303231581,4148.251988002232,4322.23750010525,3083.6085408942245
2024-08-22,4262.5869140625,4318.402180859588,4258.042359497642,4317.502516242781,1829872,-0.012719298245614035,4189.688929966518,4322.23750010525,3083.6085408942245
2024-08-23,4226.51318359375,4266.374430859017,4218.086571122263,4260.693506184104,1809253,-0.008022243923610953,4225.796526227678,4322.23750010525,3083.6085408942245
2024-08-26,4263.01318359375,4310.069896517647,4246.490976918167,4250.278259840725,1844164,0.0029962564741590455,4253.822335379465,4322.23750010525,3083.6085408942245
2024-08-27,4257.99560546875,4270.162346746741,4248.1959164894,4265.428242149461,930697,-0.0017425300013874708,4264.7919921875,4322.23750010525,3083.6085408942245
2024-08-28,4266.42138671875,4319.869602119113,4220.263875901587,4259.509780281284,1848058,0.0016226295498749357,4266.962820870535,4322.23750010525,3083.6085408942245
2024-08-29,4271.86669921875,4313.716371329259,4222.821557534789,4222.821557534789,2133641,0.011614305983744471,4265.407366071428,4322.23750010525,3083.6085408942245
2024-08-30,4311.5859375,4348.038544383064,4249.1429103938235,4260.694311007412,3637222,0.011944444444444398,4265.711844308035,4348.038544383064,3083.6085408942245
2024-09-02,4280.62451171875,4344.014356887433,4272.055967366194,4332.652505910395,1216500,-0.012008346877731607,4268.288643973215,4348.038544383064,3083.6085408942245
2024-09-03,4272.38720703125,4313.6210706253505,4256.811818932973,4280.62427113772,1717263,-0.001924267019184246,4274.842075892857,4348.038544383064,3083.6085408942245
2024-09-04,4241.04736328125,4248.3852249914535,4200.760320366018,4238.869860215786,1265505,0.0005136989662979552,4271.7041015625,4348.038544383064,3083.6085408942245
2024-09-05,4237.9228515625,4259.746886626945,4217.281880213047,4242.704111797141,1688793,-0.001126936997879857,4268.836565290178,4348.038544383064,3083.6085408942245
2024-09-06,4219.744140625,4278.6365868505345,4203.8848901946485,4236.029645395859,1649179,-0.0038445209628218072,4262.168387276785,4348.038544383064,3083.6085408942245
2024-09-09,4212.92626953125,4251.462060686222,4194.889518372097,4218.086627772867,1184938,-0.0012233883978674965,4253.748325892857,4348.038544383064,3083.6085408942245
2024-09-10,4268.12646484375,4298.5195066181295,4204.310831961278,4206.204473662924,1385591,0.01472158369108049,4247.539829799107,4348.038544383064,3083.6085408942245
2024-09-11,4241.14208984375,4307.419549702135,4233.4727484543055,4281.003340307267,1325919,-0.009311193497143034,4241.899483816965,4348.038544383064,3083.6085408942245
2024-09-12,4277.45263671875,4291.5601745835365,4195.6469473824145,4270.398636628928,2742216,0.00165183644199321,4242.623116629465,4348.038544383064,3083.6085408942245
2024-09-13,4282.091796875,4305.194131685647,4265.427658509752,4289.098178257309,1458786,-0.001633532526214104,4248.486607142857,4348.038544383064,3083.6085408942245
2024-09-16,4273.2392578125,4304.2947971775275,4255.43921052289,4286.258044672285,1155120,-0.003037331566158746,4253.531808035715,4348.038544383064,3083.6085408942245
2024-09-17,4266.04345703125,4294.590014445038,4228.502101148829,4273.239388269134,1699364,-0.0016839522863236296,4260.14599609375,4348.038544383064,3083.6085408942245
2024-09-18,4115.025390625,4257.900566019319,4091.2129384450927,4257.900566019319,2961779,-0.033555310458527644,4246.16015625,4348.038544383064,3083.6085408942245
2024-09-19,4067.683837890625,4187.0308697971805,4054.096867781264,4156.590213092944,2927551,-0.021389256733144162,4217.525495256697,4348.038544383064,3083.6085408942245
2024-09-20,4057.0322265625,4100.39689523506,4002.6848068053296,4087.3304912148405,5447908,-0.007412726892885842,4191.224086216518,4348.038544383064,3083.6085408942245
2024-09-23,4041.5048828125,4080.229763925027,4026.8291593303416,4071.3297402117255,1702319,-0.007325581395348853,4157.51726422991,4348.038544383064,3083.6085408942245
2024-09-24,4044.155517578125,4062.808072353835,4014.520211321431,4025.55058123155,3012026,0.004621712228214777,4123.5263671875,4348.038544383064,3083.6085408942245
2024-09-25,4047.42236328125,4061.4827451400292,4014.5203392742264,4026.21366904617,2713073,0.005267652434378787,4091.2668108258927,4348.038544383064,3083.6085408942245
2024-09-26,4064.228515625,4087.2360774502895,4033.456837871287,4033.456837871287,3964251,0.007629107981220688,4062.436104910714,4348.038544383064,3083.6085408942245
2024-09-27,4079.5673828125,4145.181886032281,4071.37701220358,4104.468587471434,3012477,-0.006066852292387645,4057.370675223214,4348.038544383064,3083.6085408942245
2024-09-30,4041.5048828125,4070.1462141244547,4033.504061536598,4058.926294354151,2503416,-0.0042921231572704025,4053.6308244977677,4348.038544383064,3083.6085408942245
2024-10-01,4059.873779296875,4067.3064168036667,4017.3144516261195,4029.244026685226,1823365,0.007601860897178661,4054.0367606026784,4348.038544383064,3083.6085408942245
2024-10-03,4007.65576171875,4051.446223942952,3986.1155884084665,4035.9184552064203,3350119,-0.0070027910130867,4049.201171875,4348.038544383064,3083.6085408942245
2024-10-04,4026.119140625,4069.436196462167,3999.4186065272825,4000.318271301223,2965463,0.006449704142011825,4046.6245465959823,4348.038544383064,3083.6085408942245
2024-10-07,4045.6240234375,4068.7263623530516,4004.4844678804907,4046.618000517575,1472619,-0.00024563155700588744,4046.3676409040177,4348.038544383064,3083.6085408942245
2024-10-08,4027.066162109375,4051.825437221579,3980.388074704301,4045.3872397570553,1541867,-0.004528881059302646,4041.0587332589284,4348.038544383064,3083.6085408942245
2024-10-09,4026.781982421875,4066.595614866151,4020.8643520160745,4033.456884593668,1082504,-0.001654883729460088,4033.5179617745534,4348.038544383064,3083.6085408942245
2024-10-10,4002.590576171875,4065.5070098395613,3975.322319205254,4027.0659888752402,2378875,-0.006077728244577691,4027.9587751116073,4348.038544383064,3083.6085408942245
2024-10-11,3928.549072265625,4016.36670200166,3893.753407653234,3922.6785983438544,5759183,0.0014965472634564181,4009.1981026785716,4348.038544383064,3083.6085408942245
2024-10-14,3916.666259765625,3943.8873583904956,3902.984976280472,3919.8382019814067,2137590,-0.0008092023324274702,3996.1996023995534,4348.038544383064,3083.6085408942245
2024-10-15,3897.87158203125,3948.1954760800095,3877.2310740598678,3911.3637780765134,2759474,-0.0034494863711956925,3977.8785226004466,4348.038544383064,3083.6085408942245
2024-10-16,3877.18408203125,3896.1678867388287,3850.9098028436433,3867.7632605900644,2359151,0.0024357285610465064,3953.815673828125,4348.038544383064,3083.6085408942245
2024-10-17,3890.486572265625,3910.322652467529,3875.290052564961,3894.084306291897,2522659,-0.0009238973127672141,3934.3043038504466,4348.038544383064,3083.6085408942245
2024-10-18,3913.3134765625,3935.2384902660306,3872.4535818662375,3881.944889664929,2361000,0.008080636842909536,3918.0945172991073,4348.038544383064,3083.6085408942245
2024-10-21,3872.311279296875,3929.35413147785,3862.9622484885167,3922.3779276034525,1595450,-0.012764361117330645,3899.4831891741073,4348.038544383064,3083.6085408942245
2024-10-22,3811.234375,3881.75483326371,3802.5499216715493,3859.1654759681237,1928049,-0.0124200688637482,3882.723946707589,4348.038544383064,3083.6085408942245
2024-10-23,3859.402587890625,3904.2962832162098,3791.919304547543,3796.143121407225,1966476,0.01666414159325738,3874.5434221540177,4348.038544383064,3083.6085408942245
2024-10-24,3841.986328125,3871.504387583309,3800.3195802607424,3800.3195802607424,2676744,0.010964011574363115,3866.559814453125,4348.038544383064,3083.6085408942245
2024-10-25,3851.1455078125,3883.8430156937015,3827.5595160672574,3850.670942439126,1759676,0.00012324225582187274,3862.840018136161,4348.038544383064,3083.6085408942245
2024-10-28,3882.75146484375,3923.7063623671393,3844.928513292037,3861.9653632236445,1532534,0.005382259980383398,3861.7350027901784,4348.038544383064,3083.6085408942245
2024-10-29,3867.945068359375,3894.7580119042254,3853.5658302619245,3887.497254393904,1445885,-0.005029504782911344,3855.2538016183034,4348.038544383064,3083.6085408942245
2024-10-30,3876.86669921875,3898.079863479923,3853.518222560894,3867.7076804676617,1935002,0.002368074194785279,3855.9045758928573,4348.038544383064,3083.6085408942245
2024-10-31,3766.57763671875,3870.839735602275,3758.5575287403312,3862.9619045386735,3740372,-0.02495087194794223,3849.5250418526784,4348.038544383064,3083.6085408942245
2024-11-01,3781.52685546875,3795.5265346519595,3773.7915322018357,3786.889583476844,154895,-0.0014161300164369846,3838.3999372209823,4348.038544383064,3083.6085408942245
2024-11-04,3762.496826171875,3788.8352062781723,3714.1861603951875,3764.537596456188,2269192,-0.000542103839322584,3827.0442940848216,4348.038544383064,3083.6085408942245
2024-11-05,3769.330322265625,3783.234994421101,3740.61911840681,3740.61911840681,967590,0.0076755218721770825,3815.3564104352677,4348.038544383064,3083.6085408942245
2024-11-06,3929.068359375,3938.701942187642,3773.031382862214,3799.9393278126545,3792017,0.03398186666224368,3821.9731096540177,4348.038544383064,3083.6085408942245
2024-11-07,3939.746826171875,3991.8540128312807,3877.246703910295,3957.5907627391994,3724349,-0.004508787703702314,3832.2305036272323,4348.038544383064,3083.6085408942245
2024-11-08,3936.044677734375,3957.637399320692,3908.187601372941,3943.6377226878053,1648039,-0.0019253910950662151,3840.684500558036,4348.038544383064,3083.6085408942245
2024-11-11,3985.115478515625,4018.9041625726113,3908.188152909336,3918.2017604204366,1406487,0.017077660158064025,3871.9041922433034,4348.038544383064,3094.179302698473
2024-11-12,3983.88134765625,4003.4335339434815,3952.512761507312,4001.5352724290465,1587640,-0.004411787869129549,3900.8119768415177,4348.038544383064,3094.179302698473
2024-11-13,3939.224609375,3983.2641802267012,3920.9061091902613,3965.5629857379695,1098813,-0.006641774814243193,3926.0588030133927,4348.038544383064,3094.179302698473
2024-11-14,3935.0009765625,3948.383812461554,3907.0493548019417,3924.6555443578186,1825432,0.002636010240326504,3949.7260393415177,4348.038544383064,3094.179302698473
2024-11-18,3815.03076171875,3998.6875479838523,3787.221186498161,3998.6875479838523,3313944,-0.045929266555898435,3933.4349539620534,4348.038544383064,3094.179302698473
2024-11-19,3834.06103515625,3921.9504005395133,3809.9057047468586,3815.4104775297365,1776233,0.004888217856598416,3918.336983816964,4348.038544383064,3094.179302698473
2024-11-21,3865.6669921875,3884.2698145282143,3819.3018656674813,3839.1386042394874,2384347,0.006909984421692345,3908.283028738839,4348.038544383064,3094.179302698473
2024-11-22,4028.680419921875,4038.504015740722,3847.776008717878,3863.9112312507355,3096553,0.042643109225313204,3914.506591796875,4348.038544383064,3098.509751884596
2024-11-25,4095.593505859375,4107.932203542215,4035.8932843747857,4062.2789294271743,4052167,0.008200957396320015,3930.4654715401784,4348.038544383064,3125.5651509217823
2024-11-26,4131.28173828125,4144.474563456407,4090.7536685314544,4101.241378290607,2060669,0.007324699333635386,3957.9022042410716,4348.038544383064,3179.7212020773018
2024-11-27,4112.15625,4154.724856872267,4104.088638616241,4137.213672581404,1558993,-0.006056593776499301,3983.2101004464284,4348.038544383064,3197.2303156229036
2024-11-28,4028.96484375,4119.179995477792,4017.670281030027,4099.2955217974695,2558544,-0.01715677185835842,4013.7721121651784,4348.038544383064,3197.2303156229036
2024-11-29,4053.59521484375,4080.028599301392,3982.2203960362835,4005.3318228209696,2017425,0.012049786174466896,4045.1341378348216,4348.038544383064,3197.2303156229036
2024-12-02,4059.099609375,4070.0623467391047,4014.87002722247,4052.7879830735096,1670944,0.001557354178864258,4072.7673688616073,4348.038544383064,3197.2303156229036
2024-12-03,4083.87255859375,4104.990718939741,4048.4701650537613,4094.882568586282,2010905,-0.002688724232776522,4080.6519601004466,4348.038544383064,3197.2303156229036
2024-12-04,4132.89453125,4163.789012881952,4070.8687487593297,4094.1224503683907,3302642,0.00947018105873228,4085.9806780133927,4348.038544383064,3197.2303156229036
2024-12-05,4236.96728515625,4260.648284679668,4138.210407931244,4176.9347603164215,3746747,0.014372387476619524,4101.07861328125,4348.038544383064,3197.2303156229036
2024-12-06,4219.36083984375,4237.868889866684,4188.276807112925,4226.479320621802,1842087,-0.0016842578037279063,4116.3935546875,4348.038544383064,3237.0909254440503
2024-12-09,4225.67236328125,4242.0448686697655,4190.934085246633,4205.07650413352,2066639,0.004897855990844582,4144.49462890625,4348.038544383064,3241.9335030426573
2024-12-10,4207.06884765625,4265.203099559396,4187.659404066042,4200.994504227562,2087828,0.0014459298679336684,4166.41943359375,4348.038544383064,3250.3620863601263
2024-12-11,4202.22900390625,4222.350297163338,4182.819095248504,4206.405086397892,1635256,-0.0009927913279550557,4186.866489955357,4348.038544383064,3257.7663114500283
2024-12-12,4228.330078125,4256.851270827812,4200.852558457947,4204.696352489294,1914642,0.005620792479274693,4207.503278459822,4348.038544383064,3262.2364605867833
2024-12-13,4246.31640625,4266.248154048947,4170.860503868272,4209.348037802869,1967048,0.00878244519463096,4223.706403459822,4348.038544383064,3283.051017305754
2024-12-16,4190.60205078125,4247.359881247422,4173.327686669254,4232.1737900519,1646224,-0.009822786429132046,4217.082798549107,4348.038544383064,3318.302201392863
2024-12-17,4108.31201171875,4207.44889332409,4098.346139910261,4185.666159565598,3225027,-0.018480725623582907,4201.218680245535,4348.038544383064,3318.302201392863
2024-12-18,4126.677734375,4140.107840205238,4071.3908747482337,4092.366754522636,1575404,0.008384140989916357,4187.076590401785,4348.038544383064,3318.302201392863
2024-12-19,4054.59130859375,4142.006337975124,4045.1950074358338,4064.177621267067,3015763,-0.0023587336889888074,4165.294084821428,4348.038544383064,3318.302201392863
2024-12-20,3958.159912109375,4159.091083899422,3941.2655695783546,4108.787152487585,4116989,-0.036659781776969415,4130.42707170759,4348.038544383064,3318.302201392863
2024-12-23,3946.76953125,4002.4836820374535,3905.5773564971237,3986.395733224167,2195338,-0.009940358315133383,4090.2041364397323,4348.038544383064,3378.465488934795
2024-12-24,3966.891845703125,4003.4333784366027,3946.7700890546093,3946.7700890546093,1181886,0.005098284469196311,4050.2863420758927,4348.038544383064,3392.6274000370645
2024-12-26,3957.020751953125,3986.301525685132,3932.3906257955578,3966.8916181900954,1208464,-0.0024883125598157943,4016.9175851004466,4348.038544383064,3392.6274000370645
2024-12-27,3952.987060546875,3968.2681573970385,3936.2822676568094,3951.2310760757846,858100,0.00044441452227957085,3994.7283063616073,4348.038544383064,3392.6274000370645
2024-12-30,3947.24462890625,3985.684422832016,3902.825496858013,3939.8415947124545,1527169,0.0018790182335581497,3969.0950055803573,4348.038544383064,3392.6274000370645
2024-12-31,3886.500244140625,3929.353632155194,3826.9422956665308,3924.6552500458943,1555429,-0.009721874527660254,3945.0819963727677,4348.038544383064,3392.6274000370645
