Date,RELIANCE.NS,Market,Return,Market_Return,MA_7,Volatility,Correlation
2023-01-02,1175.8896484375,18197.44921875,0.0,0.0,0.0,0.0,0.0
2023-01-03,1167.2845458984375,18232.55078125,-0.007317950753709557,0.00192892762485819,0.0,0.0,0.0
2023-01-04,1149.7095947265625,18042.94921875,-0.01505626989891129,-0.010399069487028845,0.0,0.0,0.0
2023-01-05,1147.6553955078125,17992.150390625,-0.0017867113818760272,-0.0028154392892826285,0.0,0.0,0.0
2023-01-06,1158.086181640625,17859.44921875,0.009088778890981475,-0.007375503705446151,0.0,0.0,0.0
2023-01-09,1185.4302978515625,18101.19921875,0.02361146920188606,0.013536251708490266,0.0,0.0,0.0
2023-01-10,1167.90087890625,17914.150390625,-0.014787388998815265,-0.010333504750958511,1164.565220424107,0.0,0.0
2023-01-11,1153.1790771484375,17895.69921875,-0.012605352066863418,-0.0010299775022909463,1161.3208530970983,0.0,0.0
2023-01-12,1128.2769775390625,17858.19921875,-0.021594304044218804,-0.00209547554088918,1155.7483433314733,0.0,0.0
2023-01-13,1126.451171875,17956.599609375,-0.001618224691639858,0.005510095918388247,1152.4257114955358,0.0,0.0
2023-01-16,1115.723388671875,17894.849609375,-0.009523522608857027,-0.003438847072569362,1147.8639962332588,0.0,0.0
2023-01-17,1131.56396484375,18053.30078125,0.014197583677735048,0.008854568511824201,1144.0751081194196,0.0,0.0
2023-01-18,1129.692138671875,18165.349609375,-0.0016541938679829338,0.006206556323560042,1136.112513950893,0.0,0.0
2023-01-19,1128.4825439453125,18107.849609375,-0.0010707295245805382,-0.003165367099256078,1130.4813232421875,0.0,0.0
2023-01-20,1115.0615234375,18027.650390625,-0.011892980161563704,-0.004428975305189153,1125.0359584263392,0.0,0.0
2023-01-23,1109.4237060546875,18118.55078125,-0.005056059476819086,0.005042276095628795,1122.3426339285713,0.0,0.0
2023-01-24,1102.873046875,18118.30078125,-0.005904560308146678,-1.3798013043020418e-05,1118.974330357143,0.0,0.0
2023-01-25,1087.6259765625,17891.94921875,-0.01382486439006081,-0.01249297962501228,1114.960414341518,0.0,0.0
2023-01-27,1066.992431640625,17604.349609375,-0.018971177009847073,-0.016074246906178757,1105.7359095982142,0.0,0.0
2023-01-30,1077.218017578125,17648.94921875,0.009583559952507814,0.0025334426073457816,1098.2396065848213,0.0,0.0
2023-01-31,1074.5244140625,17662.150390625,-0.0025005184388587898,0.0007479862801675896,1090.5313023158483,0.0,0.0
2023-02-01,1068.1563720703125,17616.30078125,-0.005926381856798946,-0.0025959245256645946,1083.83056640625,17.840548915820325,0.0
2023-02-02,1062.2447509765625,17610.400390625,-0.005534415417371874,-0.0003349392530399564,1077.0907156808037,17.815799865165175,0.0
2023-02-03,1063.1806640625,17854.05078125,0.0008810710385502851,0.013835596307890219,1071.420375279018,17.469009422703998,0.0
2023-02-06,1055.169189453125,17764.599609375,-0.0075353840416571005,-0.005010133160870178,1066.78369140625,17.504747783357306,0.0
2023-02-07,1052.6356201171875,17721.5,-0.002401102459455462,-0.0024261514654264627,1064.7327183314733,16.868557146348774,0.0
2023-02-08,1073.6573486328125,17871.69921875,0.019970565420619923,0.008475536424681795,1064.2240513392858,16.13575987718135,0.0
2023-02-09,1075.52880859375,17893.44921875,0.0017430700430827173,0.0012170079483646568,1064.3675362723213,15.841334650805724,0.0
2023-02-10,1066.6728515625,17856.5,-0.008234049111923936,-0.0020649578680046465,1064.1556047712054,15.608222454235262,0.0
2023-02-13,1060.6014404296875,17770.900390625,-0.005691914933354525,-0.00479375070002519,1063.9208461216517,14.215984720746475,0.0
2023-02-14,1085.5947265625,17929.849609375,0.023565201007728964,0.0089443537049958,1067.1228550502233,16.921957785524754,0.0
2023-02-15,1110.1768798828125,18015.849609375,0.0226439505635323,0.004796470794436125,1074.9810965401787,18.63154156663311,0.0
2023-02-16,1109.3094482421875,18035.849609375,-0.0007813454381400131,0.0011101336008929596,1083.077357700893,17.883444146003757,0.0
2023-02-17,1113.94287109375,17944.19921875,0.004176853319787899,-0.005081567689351307,1088.8324323381696,17.965743622875728,0.0
2023-02-20,1102.16552734375,17844.599609375,-0.010572664052723058,-0.005550518480140765,1092.6376778738838,18.295112167935688,0.0
2023-02-21,1111.1585693359375,17826.69921875,0.008159429567590415,-0.001003126492992057,1098.9927804129463,18.116911673876544,0.0
2023-02-22,1085.959716796875,17554.30078125,-0.022677998653353404,-0.015280363131582653,1102.6153913225446,19.68429618401431,0.0
2023-02-23,1080.7557373046875,17511.25,-0.0047920557380682904,-0.002452434977984641,1101.924107142857,19.652721268295647,0.0
2023-02-24,1088.1510009765625,17465.80078125,0.006842678152528814,-0.002595429723749043,1098.777553013393,19.238684594223564,0.0
2023-02-27,1080.91552734375,17392.69921875,-0.006649328655966902,-0.004185411445805309,1094.7212785993304,18.142515933486692,0.0
2023-02-28,1060.2362060546875,17303.94921875,-0.01913130190652368,-0.0051027157362857345,1087.0488978794642,19.07000032548686,0.0
2023-03-01,1069.982421875,17450.900390625,0.009192494808849982,0.008492348770636093,1082.4513113839287,19.35796813756337,0.0
2023-03-02,1061.8338623046875,17321.900390625,-0.007615601344210132,-0.007392168719804415,1075.4049246651787,19.430396553876168,0.0
2023-03-03,1088.9271240234375,17594.349609375,0.025515537487140083,0.015728598629827895,1075.8288399832588,21.250476890765036,0.0
2023-03-06,1099.5633544921875,17711.44921875,0.009767623777659828,0.006655523618366965,1078.5156424386162,21.452153619579654,0.0
2023-03-08,1103.5120849609375,17754.400390625,0.0035911804923451918,0.0024250512391459367,1080.7100830078125,21.193945461562038,0.0
2023-03-09,1076.9896240234375,17589.599609375,-0.024034590376451392,-0.009282249899975281,1080.1492396763392,23.033392274461594,0.0
2023-03-10,1060.3046875,17412.900390625,-0.015492198022396542,-0.010045664635585094,1080.1590227399554,22.663062409206685,0.0
2023-03-13,1042.8665771484375,17154.30078125,-0.016446320154142047,-0.014851035931626178,1076.2853306361608,23.303233658051123,0.0
2023-03-14,1038.9635009765625,17043.30078125,-0.0037426419231378905,-0.006470680525861194,1073.0181361607142,23.188073846478467,0.0
2023-03-15,1021.205810546875,16972.150390625,-0.017091736536458013,-0.004174683738684903,1063.3436628069196,23.79760789782304,0.0
2023-03-16,1016.1157836914062,16985.599609375,-0.004984330095755052,0.0007924286811309411,1051.4225812639509,21.96380580649068,0.0
2023-03-17,1014.8377075195312,17100.05078125,-0.0012578056481240552,0.006738129621978839,1038.7548130580358,19.904330862162954,0.0
2023-03-20,1004.8632202148438,16988.400390625,-0.009828652631628354,-0.0065292432199922645,1028.4510410853795,19.955692676755397,0.0
2023-03-21,1036.1102294921875,17107.5,0.031095783633779517,0.007010642946744028,1024.9946899414062,23.342575139440928,0.0
2023-03-22,1039.26025390625,17151.900390625,0.003040240627299351,0.0025953757489405316,1024.479500906808,23.28741913272943,0.0
2023-03-23,1026.1131591796875,17076.900390625,-0.01265043541995059,-0.004372693304643627,1022.6437377929688,23.18107464697682,0.0
2023-03-24,1005.7989501953125,16945.05078125,-0.019797240492086643,-0.007720933328590696,1020.4427577427456,22.903468248435722,0.0
2023-03-27,1021.4338989257812,16985.69921875,0.015544805179437349,0.0023988383407489433,1021.2024884905134,23.828851606102727,0.0
2023-03-28,1026.2044677734375,16951.69921875,0.004670462623840299,-0.002001683861354908,1022.8263113839286,23.732334241849323,0.0
2023-03-29,1020.1329956054688,17080.69921875,-0.005916435134161957,0.007609856589321451,1025.0077078683037,23.718247491433797,0.7465520417519811
2023-03-31,1064.116455078125,17359.75,0.04311541697222654,0.016337198944623932,1029.0085972377233,27.72952037543146,0.7768853777743944
2023-04-03,1064.299072265625,17398.05078125,0.00017161391183129204,0.002206297973761151,1032.5855712890625,27.541189866256126,0.772342528025533
2023-04-05,1061.74267578125,17557.05078125,-0.0024019531267025496,0.009138954817361267,1037.675502232143,27.42116062687473,0.7599299672643695
2023-04-06,1068.8638916015625,17599.150390625,0.006707101431213225,0.002397874785437182,1046.684779575893,25.963082504677537,0.7817758022734103
2023-04-10,1061.2861328125,17624.05078125,-0.0070895451222589,0.0014148632219350699,1052.3779558454241,25.757794135559898,0.7654950496973105
2023-04-11,1066.535888671875,17722.30078125,0.004946597997528501,0.005574768321964241,1058.1395874023438,25.796210728192936,0.7620630854398582
2023-04-12,1071.23779296875,17812.400390625,0.00440857578897802,0.005083967961446945,1065.4402727399554,24.515007726698116,0.7655195114538714
2023-04-13,1075.27783203125,17828.0,0.003771374655578308,0.0008757724412713497,1067.0347551618304,23.89567697574953,0.7740017452976481
2023-04-17,1080.73291015625,17706.849609375,0.005073180123777998,-0.006795512150830185,1069.3824462890625,23.090840609396285,0.7652151638392923
2023-04-18,1068.3619384765625,17660.150390625,-0.011446835349817275,-0.0026373533282438855,1070.3280552455358,23.474855202564903,0.763945574981964
2023-04-19,1073.6800537109375,17618.75,0.004977821693983531,-0.002344283016240789,1071.016078404018,22.50542636112715,0.7543115620312619
2023-04-20,1070.9637451171875,17624.44921875,-0.0025299050535229073,0.0003234746363958152,1072.3985944475446,22.41870346181303,0.7606549880654334
2023-04-21,1072.310546875,17624.05078125,0.0012575605513753807,-2.260708945023282e-05,1073.2235456194196,22.381064119561582,0.761461480391787
2023-04-24,1076.4190673828125,17743.400390625,0.003831465166304504,0.006771973756565242,1073.9637276785713,21.911346728437607,0.7584358897260939
2023-04-25,1084.6588134765625,17769.25,0.007654775303993722,0.0014568576938982503,1075.3038678850446,19.551665217120707,0.7672258465525428
2023-04-26,1078.290771484375,17813.599609375,-0.005871009310085773,0.0024958627615121465,1074.9549909319196,19.749221371606218,0.7636558072931962
2023-04-27,1085.1153564453125,17915.05078125,0.006329076665974487,0.005695152810193838,1077.3483363560267,19.078820749642844,0.7604668068594028
2023-04-28,1104.9500732421875,18065.0,0.018278901573977047,0.008370013603697934,1081.8154820033483,17.938457868266948,0.7578551116253718
2023-05-02,1114.3311767578125,18147.650390625,0.008490070042801667,0.004575166931912511,1088.0108293805804,17.55586587681539,0.7594301558967927
2023-05-03,1104.7674560546875,18089.849609375,-0.008582476109975645,-0.00318502836487633,1092.6475306919642,18.10387691497077,0.7613934213631992
2023-05-04,1117.503662109375,18255.80078125,0.011528404448272411,0.009173717607303677,1098.5167585100446,17.958918256392984,0.7634294438000374
2023-05-05,1114.650634765625,18069.0,-0.0025530362364671877,-0.010232406865540389,1102.801304408482,11.28547259374067,0.7545565272236202
2023-05-08,1128.4139404296875,18264.400390625,0.01234764080761197,0.010814123118324304,1109.9617571149554,11.78214368700973,0.7822565828782649
2023-05-09,1131.90625,18265.94921875,0.0030948833980042334,8.480038171931881e-05,1116.6461704799108,11.628299694598915,0.7801048574853804
2023-05-10,1139.6895751953125,18315.099609375,0.006876298452555218,0.0026908205008338015,1121.6089564732142,11.63510002616648,0.7802238706110537
2023-05-11,1132.2486572265625,18297.0,-0.006528898860441723,-0.0009882342854272697,1124.1685965401787,11.574788264920794,0.7737392185359255
2023-05-12,1134.097412109375,18314.80078125,0.001632817023904387,0.0009728797753729701,1128.3585902622767,11.565532233912815,0.7737449369698768
2023-05-15,1136.334228515625,18398.849609375,0.0019723318141513513,0.004589120522186851,1131.0486711774554,11.557722641972658,0.7716946202502089
2023-05-16,1120.1513671875,18286.5,-0.01424128651766865,-0.006106338807060685,1131.8344900948662,12.972289500629284,0.7748067329123868
2023-05-17,1113.5322265625,18181.75,-0.005909148369491746,-0.005728269488420423,1129.708530970982,13.198284407633778,0.7684600456521554
2023-05-18,1111.1356201171875,18129.94921875,-0.002152256026492272,-0.002849053652701161,1126.7412981305804,12.42321316700064,0.7714626645049004
2023-05-19,1114.7418212890625,18203.400390625,0.0032455094648973226,0.0040513721791914925,1123.1773332868304,12.383570459273919,0.7716708179226722
2023-05-22,1120.6990966796875,18314.400390625,0.005344085309131108,0.006097761825706316,1121.5273960658483,12.33556105053425,0.7810792676067307
2023-05-23,1120.49365234375,18348.0,-0.00018331801689330796,0.001834600568861644,1119.5840018136162,12.359398668929918,0.7776799019365075
2023-05-24,1113.9659423828125,18285.400390625,-0.0058257447039378185,-0.0034117947119577385,1116.3885323660713,12.640843321562736,0.7842476093692896
2023-05-25,1113.8289794921875,18321.150390625,-0.00012295069841361528,0.001955111686716471,1115.4853341238838,12.462286264545051,0.7679527965259408
2023-05-26,1144.2088623046875,18499.349609375,0.027275177223661906,0.009726420827874671,1119.867710658482,15.076551482964984,0.7747419852155477
2023-05-29,1150.645263671875,18598.650390625,0.005625197967985551,0.005367798508963517,1125.5119454520088,15.058176686833347,0.7831361685087649
2023-05-30,1150.3486328125,18633.849609375,-0.00025779522911206776,0.0018925684396833287,1130.5986328125,13.994879967292952,0.7810894077409958
2023-05-31,1127.5009765625,18534.400390625,-0.019861505980269256,-0.0053370195013254795,1131.5703299386162,15.672607385354977,0.7813327171151714
2023-06-01,1124.46533203125,18487.75,-0.0026923653232701072,-0.0025169624936233204,1132.1377127511162,15.367350109501961,0.7802493830968668
2023-06-02,1120.7904052734375,18534.099609375,-0.003268154787105848,0.002507044360454902,1133.1126360212054,14.924703443734094,0.7769954795518665
2023-06-05,1130.856201171875,18593.849609375,0.008980979718488769,0.003223787573137793,1135.5450962611608,15.190847292872284,0.758621026268889
2023-06-06,1131.81494140625,18599.0,0.0008478003068661533,0.00027699431442118616,1133.7745361328125,14.593385887319995,0.7556604824753307
2023-06-07,1140.3970947265625,18726.400390625,0.007582647132798437,0.006849851638528914,1132.310511997768,14.787709260152223,0.756761047885334
2023-06-08,1141.0816650390625,18634.55078125,0.0006002911754734441,-0.0049048192636628185,1130.9866594587054,14.599854800083408,0.7359415206437182
2023-06-09,1133.001953125,18563.400390625,-0.007080748172205498,-0.00381819725413457,1131.7725132533483,14.632631924553689,0.7269963835482457
2023-06-12,1134.006103515625,18601.5,0.0008862741920747652,0.0020524046550352004,1133.1354806082588,14.624881457557088,0.7151376693179763
2023-06-13,1150.759521484375,18716.150390625,0.014773657669752804,0.0061635024393194016,1137.416782924107,15.485384207568694,0.7224734655092261
2023-06-14,1164.910888671875,18755.900390625,0.012297414814561813,0.0021238341844009856,1142.28173828125,14.991692460572379,0.7116782550602002
2023-06-15,1165.23046875,18688.099609375,0.00027433864790227247,-0.0036149041015322014,1147.055385044643,14.736192584772692,0.7095475971185221
2023-06-16,1176.574462890625,18826.0,0.009735408097244713,0.0073790483520230765,1152.2235804966517,14.868177880121817,0.7241983456228462
2023-06-19,1164.8880615234375,18755.44921875,-0.009932564181680537,-0.0037475183921172883,1155.6244942801338,15.502386314855714,0.7224370387344571
2023-06-20,1167.3074951171875,18816.69921875,0.0020769665976194673,0.003265717567498605,1160.5252859933037,15.458628012113943,0.7260819192258955
2023-06-21,1170.59423828125,18856.849609375,0.002815661835301242,0.0021337637466720683,1165.752162388393,15.440469519116903,0.7260816891757689
2023-06-22,1157.4471435546875,18771.25,-0.011231128854577332,-0.004539443817404343,1166.7075369698662,15.898152446597432,0.7259489190443822
2023-06-23,1147.974853515625,18665.5,-0.008183777628040678,-0.005633615236065759,1164.2881033761162,16.266594662011144,0.7138187993348466
2023-06-26,1139.210205078125,18691.19921875,-0.007634878421472924,0.0013768299134766515,1160.5709228515625,13.564502834494998,0.7167139251154796
2023-06-27,1139.62109375,18817.400390625,0.00036067853855548115,0.00675190341711196,1155.2918701171875,13.402555242529615,0.7152750182123685
2023-06-28,1154.708251953125,18972.099609375,0.01323874951584103,0.00822107281232487,1153.837611607143,14.214558686126278,0.7496578522005131
2023-06-30,1164.1805419921875,19189.05078125,0.00820318900730177,0.01143527476356887,1153.390904017857,12.432134562606425,0.7017746764492415
2023-07-03,1194.0582275390625,19322.55078125,0.025664134100495506,0.00695709243369369,1156.7429024832588,14.855957213488791,0.6993157486468734
2023-07-04,1181.755615234375,19389.0,-0.010303192943984851,0.003438946519135566,1160.215541294643,15.41371439654132,0.706525551024787
2023-07-05,1179.8155517578125,19398.5,-0.0016416790845353857,0.0004899685388621844,1164.7642124720983,15.29582046216093,0.7074004612029382
2023-07-06,1204.5804443359375,19497.30078125,0.02099047816519084,0.00509321758125636,1174.102818080357,16.627530734715055,0.7079746059163138
2023-07-07,1202.2296142578125,19331.80078125,-0.001951575828064378,-0.00848835445771845,1183.0468924386162,16.626149563714225,0.6976638095832686
2023-07-10,1248.5411376953125,19355.900390625,0.03852136304768217,0.0012466303397029588,1196.4515904017858,20.740603085180748,0.6190081505379075
2023-07-11,1262.076171875,19439.400390625,0.010840679390565988,0.004313930032438185,1210.4366803850446,20.420006529994197,0.6220104325956942
2023-07-12,1263.4683837890625,19384.30078125,0.0011031124309985874,-0.002834429471475497,1220.3524169921875,20.414333965581122,0.6416542926499226
2023-07-13,1252.170166015625,19413.75,-0.008942224370945384,0.0015192303855748879,1230.4116385323662,20.670140046659014,0.6292370991093476
2023-07-14,1251.1202392578125,19564.5,-0.0008384856837416743,0.007765114931427508,1240.5980224609375,20.514803340004832,0.6203668069187637
2023-07-17,1276.6842041015625,19711.44921875,0.020432860121354146,0.007511013251041421,1250.8985595703125,21.291215578467924,0.6303308922256525
2023-07-18,1287.52587890625,19749.25,0.008492056821770566,0.001917706853032497,1263.083740234375,21.25660933009325,0.6287887139870082
2023-07-19,1297.294921875,19833.150390625,0.007587453680580669,0.004248282371482448,1270.0485665457588,20.626823377969977,0.6341011184843223
2023-07-20,1295.723876953125,19979.150390625,-0.0012110160113818491,0.007361412439498949,1274.8553815569196,20.721163064712055,0.6210632412222814
2023-07-21,1255.6134033203125,19745.0,-0.030956034959494394,-0.011719737128305097,1273.7332414899554,24.194039050515073,0.673388133938008
2023-07-24,1230.216796875,19672.349609375,-0.020226453762084984,-0.0036794322929856182,1270.5970458984375,25.06692504402605,0.6785468165334161
2023-07-25,1229.425537109375,19680.599609375,-0.000643187255803146,0.0004193703428323481,1267.497802734375,24.77645859619089,0.6688680390540211
2023-07-26,1249.4063720703125,19778.30078125,0.016252171732105358,0.004964339187534694,1263.6009695870537,24.819528283613018,0.6698088324750213
2023-07-27,1237.7838134765625,19659.900390625,-0.009302464637258923,-0.0059863783008722304,1256.4949602399554,25.24576624168012,0.6718666059462624
2023-07-28,1250.2225341796875,19646.05078125,0.010049186754339967,-0.0007044597937843067,1249.7703334263392,25.123570999873163,0.6594628060215929
2023-07-31,1260.8065185546875,19753.80078125,0.008465680377409468,0.005484562836559181,1244.7821393694196,25.12938599412268,0.6764117975753404
2023-08-01,1242.9769287109375,19733.55078125,-0.014141416292952513,-0.0010251191770254131,1242.9769287109375,24.567020733887556,0.6722437243434641
2023-08-02,1229.697509765625,19526.55078125,-0.010683560280627447,-0.010489749274959825,1242.9027448381696,24.591417140767284,0.6766824049445755
2023-08-03,1224.5291748046875,19381.650390625,-0.004202931956756251,-0.007420685416911321,1242.2032645089287,24.655253432313234,0.6723886517378289
2023-08-04,1241.171630859375,19517.0,0.01359090203574942,0.006983389270114548,1241.0268729073662,24.058898878821516,0.6777190205069997
2023-08-07,1248.244140625,19597.30078125,0.00569825283609493,0.004114401867602702,1242.521205357143,24.065153811317806,0.6784727409953961
2023-08-08,1240.7264404296875,19570.849609375,-0.006022620055359029,-0.0013497354646058168,1241.1646205357142,20.153069725874836,0.6820669019262022
2023-08-09,1248.911865234375,19632.55078125,0.006597284089354005,0.003152707884763739,1239.4653843470983,19.911742074235857,0.6728905239472699
2023-08-10,1254.4759521484375,19543.099609375,0.00445514777219147,-0.004556268458015711,1241.1081019810267,19.97787971035354,0.6592622828878363
2023-08-11,1259.767822265625,19428.30078125,0.004218391040597069,-0.005874136161590715,1245.4038609095983,19.776744707930956,0.6441346256336292
2023-08-14,1274.6546630859375,19434.55078125,0.011817130551516453,0.00032169565781225984,1252.5646449497767,20.162077743945574,0.6392374091664244
2023-08-16,1273.6160888671875,19465.0,-0.0008147887022478262,0.0015667570139761278,1257.1995675223213,18.87979077125807,0.63957443137868
2023-08-17,1255.2425537109375,19365.25,-0.014426274382724147,-0.005124582584125403,1258.1993408203125,19.23958299662659,0.6499134925972168
2023-08-18,1264.54052734375,19310.150390625,0.007407312320096615,-0.0028452826260957353,1261.601353236607,19.229387616574193,0.6375454281687958
2023-08-21,1250.74267578125,19393.599609375,-0.010911355756610841,0.0043215209131937105,1261.8628976004463,19.52481300511759,0.6184379380610913
2023-08-22,1250.44482421875,19396.44921875,-0.0002381397614932279,0.00014693555773015454,1261.2870221819196,16.34848048958042,0.5953032127873489
2023-08-23,1251.8345947265625,19444.0,0.0011114208967042405,0.0024515199000461063,1260.1537039620537,14.626442131842007,0.5939012888601569
2023-08-24,1230.7904052734375,19386.69921875,-0.016810678936159063,-0.002946964680621278,1253.8873814174108,15.857666122697886,0.5989289045209413
2023-08-25,1225.1075439453125,19265.80078125,-0.004617245392697478,-0.006236153774081932,1246.9575892857142,14.791412183929268,0.5875050854228525
2023-08-28,1212.8978271484375,19306.05078125,-0.009966240806545956,0.002089194238900971,1240.9083426339287,14.840665380667092,0.5768169069064334
2023-08-29,1201.2838134765625,19342.650390625,-0.009575426232875661,0.0018957584743610756,1231.8716692243304,14.566699635995894,0.5724342418081828
2023-08-30,1200.1422119140625,19347.44921875,-0.0009503179429315445,0.0002480956863764039,1224.643031529018,14.082904031906269,0.5702646248980218
2023-08-31,1194.65771484375,19253.80078125,-0.004569872649979989,-0.004840350603388277,1216.6734444754463,13.445409985392365,0.5722624527567376
2023-09-01,1197.4619140625,19435.30078125,0.002347282559604702,0.009426710188917609,1208.9059186662946,13.120777857701402,0.5587666866162919
2023-09-04,1196.494140625,19528.80078125,-0.0008081872384706479,0.004810833701642592,1204.0064522879463,13.076535876449588,0.5589261848109641
2023-09-05,1202.8968505859375,19574.900390625,0.005351225504199197,0.0023605960187407238,1200.83349609375,12.194309470529236,0.5552938648962376
2023-09-06,1205.4281005859375,19611.05078125,0.002104295142818735,0.0018467726478093027,1199.766392299107,11.990247817247015,0.5556708073166868
2023-09-07,1207.06591796875,19727.05078125,0.0013587018437817289,0.005915032360780392,1200.5924072265625,11.922238762347193,0.5426774795514561
2023-09-08,1215.1064453125,19819.94921875,0.0066612164456441025,0.004709190366575022,1202.7301548549108,11.927581862776732,0.5461888479074788
2023-09-11,1228.20947265625,19996.349609375,0.010783439915323711,0.008900143420050854,1207.5232631138392,12.49868397094159,0.5570732299508623
2023-09-12,1210.4659423828125,19993.19921875,-0.01444666457022481,-0.0001575482868895195,1209.3809814453125,13.175117386265137,0.5478510127030398
2023-09-13,1216.52099609375,20070.0,0.00500225037229729,0.003841345269944396,1212.2419607979912,12.47627834954356,0.5427179474292092
2023-09-14,1217.6376953125,20103.099609375,0.0009179448791560851,0.001649208239910216,1214.3477957589287,12.514737913329402,0.5427529127526357
2023-09-15,1219.8961181640625,20192.349609375,0.0018547576674545763,0.004439613877174287,1216.4146554129463,11.74261772601579,0.5415857356574214
2023-09-18,1209.274658203125,20133.30078125,-0.008706856102569382,-0.002924316846098174,1216.730189732143,11.556660077885349,0.5377219169199775
2023-09-20,1182.323974609375,19901.400390625,-0.022286652094236636,-0.011518249945432046,1212.0469796316963,13.203837774424787,0.5665950003663605
2023-09-21,1173.712890625,19742.349609375,-0.0072831847863188415,-0.007991939166498319,1204.261753627232,13.267607430910289,0.5728462965147064
2023-09-22,1168.8240966796875,19674.25,-0.004165238351185874,-0.003449417659114995,1198.3129185267858,13.188380827426688,0.5803480180100675
2023-09-25,1161.6273193359375,19674.55078125,-0.0061572800938944905,1.5288066889551644e-05,1190.4709647042412,12.291874600382824,0.5694638862886532
2023-09-26,1162.6446533203125,19664.69921875,0.0008757834526107455,-0.0005007261720755274,1182.6148158482142,12.33234968206335,0.5679621244014945
2023-09-27,1175.7476806640625,19716.44921875,0.011270019009101295,0.002631619198663282,1176.307896205357,12.885422712586223,0.5526889885490294
2023-09-28,1158.4755859375,19523.55078125,-0.01469030729178833,-0.009783629666773708,1169.0508858816963,13.403301816501106,0.5833913523204979
2023-09-29,1163.8856201171875,19638.30078125,0.004669959596351303,0.005877516917168757,1166.4168352399554,13.582703496745705,0.5847278958606138
2023-10-03,1150.55908203125,19528.75,-0.011450041013992163,-0.005578424654468894,1163.1091482979912,13.986545618386959,0.5840534030790259
2023-10-04,1148.5738525390625,19436.099609375,-0.001725447674258196,-0.004744307271330683,1160.2162562779017,13.907064214111667,0.5914347336272346
2023-10-05,1148.549072265625,19545.75,-2.1574819401237733e-05,0.005641584105285702,1158.347935267857,13.917840021251488,0.6473546584770252
2023-10-06,1150.4847412109375,19653.5,0.0016853167113655143,0.0055127073660514725,1156.610804966518,13.733612444425795,0.6419078343533687
2023-10-09,1140.6822509765625,19512.349609375,-0.008520313119544265,-0.00718194675884698,1151.6014578683037,13.818324098216264,0.6499697283947272
2023-10-10,1145.719970703125,19689.849609375,0.004416409321920778,0.00909680297624016,1149.7792271205358,13.96818136996474,0.6563756441470759
2023-10-11,1163.910400390625,19811.349609375,0.015876854862132417,0.006170692128707245,1149.7827671595983,15.04812388928671,0.6743867437555195
2023-10-12,1166.0693359375,19794.0,0.0018548984063984086,-0.0008757409120068171,1151.9985177176338,14.395792754477307,0.6596232197305023
2023-10-13,1166.0198974609375,19751.05078125,-4.239754450174882e-05,-0.0021698099802970328,1154.4908098493304,13.730174602242379,0.6580060808525957
2023-10-16,1163.4140625,19731.75,-0.002234811744303733,-0.0009772027556287366,1156.6143798828125,13.509226589751073,0.6536315975778518
2023-10-17,1168.972900390625,19811.5,0.00477803910903396,0.004041709427698992,1159.2555454799108,13.682540420977086,0.6664434273011872
2023-10-18,1153.4627685546875,19671.099609375,-0.013268170571580029,-0.007086812741337156,1161.081333705357,14.153743190786926,0.639591400153066
2023-10-19,1144.603271484375,19624.69921875,-0.007680782866891889,-0.0023588102112444,1160.9218052455358,14.102559948395882,0.6432947181166643
2023-10-20,1141.104248046875,19542.650390625,-0.003056974870395357,-0.004180896084593599,1157.663783482143,12.15487972884137,0.6424570652494082
2023-10-23,1123.2861328125,19281.75,-0.015614800545062035,-0.013350307425555652,1151.5518973214287,12.956709833068846,0.6571967484876308
2023-10-25,1120.6802978515625,19122.150390625,-0.0023198318619076508,-0.008277236732921023,1145.0748116629463,12.934630180050242,0.6420137760202231
2023-10-26,1105.0709228515625,18857.25,-0.013928481681996563,-0.013853064912347501,1136.7400774274554,13.518621717268267,0.6685010688174688
2023-10-27,1124.5765380859375,19047.25,0.017651007578809663,0.010075700327460302,1130.397739955357,15.169498578788449,0.6838353533215031
2023-10-30,1147.7548828125,19140.900390625,0.020610731187770126,0.004916740769664862,1129.5823277064733,16.454112599612877,0.6917001183719034
2023-10-31,1135.5452880859375,19079.599609375,-0.010637806825655738,-0.0032026069828995363,1128.288330078125,16.08805083869419,0.6858535029474335
2023-11-01,1140.2603759765625,18989.150390625,0.0041522675846532575,-0.004740624572936891,1128.1677769252233,16.066441135988597,0.6752241326599041
2023-11-02,1151.57666015625,19133.25,0.009924298360359796,0.007588523257266999,1132.2092808314733,16.008613109497055,0.6736160002569525
2023-11-03,1151.3284912109375,19230.599609375,-0.00021550362550659674,0.005087980838331285,1136.5875941685267,15.995572641631945,0.6669331631413962
2023-11-06,1160.9075927734375,19411.75,0.00832004213882076,0.00941990339899168,1144.5642613002233,16.24258983920566,0.674772726415754
2023-11-07,1153.3634033203125,19406.69921875,-0.006498527100767593,-0.000260191958478706,1148.6766706194196,16.41758218200963,0.670751996150866
2023-11-08,1159.368896484375,19443.5,0.005206939241156672,0.0018962926582819506,1150.3358154296875,16.18913264663659,0.6852905741553327
2023-11-09,1146.787109375,19395.30078125,-0.010852272428152565,-0.002478937369815082,1151.9417898995537,16.620452735189055,0.7042558926906126
2023-11-10,1148.946044921875,19425.349609375,0.0018825948855072383,0.001549283945833313,1153.1825997488838,15.623367154699466,0.7168273934078002
2023-11-13,1148.7972412109375,19443.55078125,-0.00012951322787979613,0.0009369804014345284,1152.7855398995537,15.59966460304192,0.717018094276069
2023-11-15,1169.5684814453125,19675.44921875,0.01808085838757778,0.011926753508604282,1155.3912527901787,16.899848679129963,0.7330759724556704
2023-11-16,1171.6778564453125,19765.19921875,0.0018035497993185157,0.004561522280999375,1156.9298618861608,16.884476565813568,0.7493668184900282
2023-11-17,1169.121826171875,19731.80078125,-0.002181512827418408,-0.0016897597201204206,1159.1810651506696,16.82865097027872,0.7720684606780231
2023-11-20,1166.044677734375,19694.0,-0.0026320169281037753,-0.0019157289123818977,1160.1347481863838,16.1572492781257,0.7721541711155705
2023-11-21,1180.7109375,19783.400390625,0.012577785436250544,0.0045394734754240496,1164.9810093470983,16.3769697260718,0.7719895920168278
2023-11-22,1185.326904296875,19811.849609375,0.003909480847741342,0.0014380348265852216,1170.1782749720983,16.308745997737702,0.7778133682757208
2023-11-23,1188.9500732421875,19802.0,0.0030566832931728793,-0.0004971574875239915,1175.9143938337054,15.019200868064027,0.77648189057467
2023-11-24,1188.1558837890625,19794.69921875,-0.0006679754440481744,-0.00036868908443588033,1178.5697370256696,14.959706295623022,0.7899131183640411
2023-11-28,1188.404052734375,19889.69921875,0.00020886901180094952,0.004799264638990497,1180.959193638393,13.71394015001661,0.7994045868875397
2023-11-29,1191.5308837890625,20096.599609375,0.0026311177982716316,0.010402389113554511,1184.1604875837054,12.71198967226152,0.7891772549829458
2023-11-30,1179.9913330078125,20133.150390625,-0.00968464262088975,0.0018187545137213768,1186.152866908482,11.647580584344658,0.7769745951058216
2023-12-01,1188.3544921875,20267.900390625,0.007087475090490347,0.0066929416105065975,1187.2448032924108,10.947231916529468,0.7874840419403396
2023-12-04,1201.209228515625,20686.80078125,0.010817257318952223,0.020668169003769332,1189.513706752232,11.334421798739552,0.7793714258317936
2023-12-05,1209.9197998046875,20855.099609375,0.007251502138246435,0.008135565760247543,1192.5093819754463,11.150355694105762,0.7825363646841648
2023-12-06,1221.5091552734375,20937.69921875,0.009578614607861358,0.003960643244200535,1197.274135044643,11.377008017151027,0.7817912396670831
2023-12-07,1219.4990234375,20901.150390625,-0.0016456134014709578,-0.0017455990623970186,1201.716273716518,11.296320367172955,0.7840381406172257
2023-12-08,1218.853759765625,20969.400390625,-0.0005291219258676261,0.003265370504707432,1205.6195417131696,10.887601950588994,0.7813274576877913
2023-12-11,1220.6405029296875,20997.099609375,0.0014659208701182092,0.001320935183362959,1211.4265659877233,10.854223688692215,0.7756887589743785
2023-12-12,1203.1202392578125,20906.400390625,-0.014353336326153543,-0.004319607014175553,1213.5359584263392,11.447513417630578,0.7895158477971006
2023-12-13,1208.03369140625,20926.349609375,0.004083924439230335,0.0009542158562574343,1214.5108816964287,11.462525646336424,0.7873705286742754
2023-12-14,1223.0228271484375,21182.69921875,0.012407878893459401,0.012250087289956912,1216.3827427455358,11.925204099861654,0.7950214802444817
2023-12-15,1238.6324462890625,21456.650390625,0.012763146193288888,0.012932779200891975,1218.8289271763392,11.198730804103047,0.8027820097412377
2023-12-18,1251.239013671875,21418.650390625,0.010177811360086553,-0.0017710126840955187,1223.3632114955358,11.480838777820319,0.785609882506174
2023-12-19,1269.6527099609375,21453.099609375,0.01471637000434134,0.0016083748565725031,1230.6202043805804,11.972307202951718,0.755769026671127
2023-12-20,1254.2913818359375,21150.150390625,-0.012098842466514048,-0.01412146609423337,1235.4274727957588,13.031644489991548,0.7614129503744848
2023-12-21,1271.8614501953125,21255.05078125,0.014007963870131368,0.004959794076523361,1245.2476457868304,13.165732865321322,0.7581712670653337
2023-12-22,1273.1021728515625,21349.400390625,0.0009755171493399661,0.004438926556610712,1254.5431431361608,13.195683093824279,0.7583588506732559
2023-12-26,1279.554443359375,21441.349609375,0.005068148217326707,0.004306875934107168,1262.6190883091517,13.206703534262068,0.7591960231650644
2023-12-27,1283.922119140625,21654.75,0.0034134348904943934,0.0099527499207277,1269.0890415736608,13.118377219024453,0.7579977564460479
2023-12-28,1293.203369140625,21778.69921875,0.007228826314022996,0.005723881307796219,1275.083949497768,13.106307063763134,0.7464190615924357
2023-12-29,1282.9791259765625,21731.400390625,-0.007906137122776657,-0.0021717930740454694,1276.9877232142858,13.744331173470863,0.7471837789027069
2024-01-01,1285.6097412109375,21741.900390625,0.0020503959738025213,0.00048317180721269004,1281.4617745535713,12.893999238316853,0.7406344870514582
2024-01-02,1296.255859375,21665.80078125,0.008280987474499568,-0.003500136051024061,1284.9466901506696,12.935148890593123,0.7233464512471743
2024-01-03,1282.16015625,21517.349609375,-0.010874167335911844,-0.00685186637566948,1286.240687779018,13.692800715097613,0.7366301342095529
2024-01-04,1288.7860107421875,21658.599609375,0.005167727650784659,0.006564470186349425,1287.5594831194196,13.632972196229598,0.7393608940545037
2024-01-05,1294.2705078125,21710.80078125,0.004255552919257832,0.002410182228605562,1289.0378243582588,13.434882345370397,0.7322044653341991
2024-01-08,1284.17041015625,21513.0,-0.007803699145799592,-0.00911070868564301,1287.7474016462054,13.854059461998759,0.7419901330869599
2024-01-09,1280.7703857421875,21544.849609375,-0.002647642701601227,0.0014804820050666745,1287.4318673270088,13.93164186263697,0.7404798056657915
2024-01-10,1315.3148193359375,21618.69921875,0.02697160551048494,0.0034277152411805734,1291.6754499162946,16.314346344163386,0.7062791419375727
2024-01-11,1349.9088134765625,21647.19921875,0.026300923271046495,0.0013183031833516878,1299.3401576450892,16.745782530343785,0.6673845570475071
2024-01-12,1360.6541748046875,21894.55078125,0.007960064576844506,0.011426492637705898,1310.5535888671875,16.756867306832696,0.6661998648717299
2024-01-15,1383.8822021484375,22097.44921875,0.017071220427544942,0.009267074694848665,1324.1387590680804,17.065901598499096,0.6742197856666221
2024-01-16,1364.5255126953125,22032.30078125,-0.013987237803242403,-0.0029482333845447517,1334.1751883370537,18.199680242239893,0.6639434154129363
2024-01-17,1351.5714111328125,21571.94921875,-0.009493484322555479,-0.020894393512082443,1343.8039027622767,18.71954872223918,0.6622026424534262
2024-01-18,1357.8995361328125,21462.25,0.004682050055125231,-0.0050852715087356115,1354.8223528180804,18.29652377712516,0.652049619000755
2024-01-19,1357.4031982421875,21622.400390625,-0.00036551886013491686,0.00746195718645537,1360.8349783761162,17.48849109924706,0.6187675290196502
2024-01-23,1318.8138427734375,21238.80078125,-0.028428808417957585,-0.01774084294273448,1356.3928397042412,20.324163965718352,0.6683938634105768
2024-01-24,1334.00146484375,21453.94921875,0.011516122729174016,0.010129971071150878,1352.5853097098213,20.596091829271607,0.6545215355586761
2024-01-25,1343.1337890625,21352.599609375,0.00684581273665974,-0.004724053755400193,1346.7641078404017,20.635281439446114,0.6340323702516748
2024-01-29,1437.4111328125,21737.599609375,0.07019207209119882,0.018030591452244726,1357.1763392857142,31.274994849700676,0.6448016282373044
2024-01-30,1397.2830810546875,21522.099609375,-0.02791689228070482,-0.009913698102483215,1363.706577845982,33.34186267217614,0.6600144637814359
2024-01-31,1416.1434326171875,21725.69921875,0.013497874423745282,0.009460025419002926,1372.027134486607,33.21118791265052,0.6688561911089128
2024-02-01,1416.1683349609375,21697.44921875,1.758461973300207e-05,-0.0013003033741542103,1380.422154017857,33.24075495727208,0.6678381375308932
2024-02-02,1446.990234375,21853.80078125,0.021764290764849425,0.007205988175093214,1398.7330671037946,33.741959928335774,0.6735529507030288
2024-02-05,1428.452392578125,21771.69921875,-0.01281131092421095,-0.0037568550808078083,1412.2260567801338,33.86658197145388,0.6781244682917393
2024-02-06,1417.3099365234375,21929.400390625,-0.007800369205568813,0.007243402101531293,1422.8226492745537,34.17293996308118,0.6620761190332733
2024-02-07,1431.554443359375,21930.5,0.01005038239615974,5.014315737827957e-05,1421.9859793526787,34.221228932721374,0.6585707320305509
2024-02-08,1439.4708251953125,21717.94921875,0.005529920201540195,-0.009692017110872975,1428.0127999441963,33.90143061566822,0.6400929981366702
2024-02-09,1450.0177001953125,21782.5,0.007326911261691604,0.0029722318898448563,1432.8519810267858,33.76911910739053,0.6402376318726402
2024-02-12,1441.679443359375,21616.05078125,-0.005750451759874653,-0.0076414194307357075,1436.4964250837054,33.121869277749255,0.6438004160914408
2024-02-13,1454.335693359375,21743.25,0.0087788239322526,0.005884480011507653,1437.5457763671875,32.21793464012534,0.637079275368103
2024-02-14,1470.4912109375,21840.05078125,0.011108520303732217,0.004451992284961959,1443.5513218470983,32.28819964818538,0.6398258995683661
2024-02-15,1459.79541015625,21910.75,-0.0072736244199861355,0.0032371361888359207,1449.6206752232142,32.13756531726978,0.6324020871979934
2024-02-16,1449.843994140625,22040.69921875,-0.006816993632388413,0.005930843022260657,1452.2334681919642,31.761187858069235,0.619714964742519
2024-02-19,1463.17041015625,22122.25,0.009191620663659084,0.0037000088082788096,1455.6191231863838,31.48763270444318,0.6192250612677093
2024-02-20,1460.21728515625,22196.94921875,-0.0020183055777382997,0.0033766555730090353,1457.076206752232,31.553977950182226,0.6169321612023688
2024-02-21,1456.916748046875,22055.05078125,-0.0022603054647595267,-0.006392700010330099,1459.252964564732,31.591160548751713,0.6178849982361525
2024-02-22,1470.863525390625,22217.44921875,0.009572803224650261,0.0073633218581414805,1461.6140834263392,29.410306216430666,0.6188664303457089
2024-02-23,1482.6512451171875,22212.69921875,0.008014149187248298,-0.0002137959201901074,1463.3512311662946,29.34301894631829,0.619185451302018
2024-02-26,1476.3974609375,22122.05078125,-0.004217973849401924,-0.004080928508836235,1465.7229527064733,29.514719071226104,0.6296986007474737
2024-02-27,1474.73486328125,22198.349609375,-0.001126117932493731,0.003448994348646428,1469.2787911551338,17.435339706806865,0.6326662464979312
2024-02-28,1444.930419921875,21951.150390625,-0.020210035106284052,-0.011135927809948543,1466.6730782645088,15.950430910495983,0.6490359609448066
2024-02-29,1450.0675048828125,21982.80078125,0.0035552472908801924,0.0014418556686905948,1465.223109654018,15.381278977019589,0.6634566454752805
2024-03-01,1481.1622314453125,22338.75,0.021443640697963895,0.016192168700068565,1468.6867501395088,16.894864748119247,0.6754595129795238
2024-03-04,1496.3250732421875,22405.599609375,0.010237124249434348,0.0029925402887358565,1472.3241141183037,15.637443422380496,0.6749451031844216
2024-03-05,1489.177978515625,22356.30078125,-0.004776431842498208,-0.00220029050703785,1473.2565046037946,14.933446408377149,0.6754784418727766
2024-03-06,1491.957275390625,22474.05078125,0.0018663295556990978,0.005266971542034149,1475.4793352399554,14.501126181969475,0.6749299234874511
2024-03-07,1468.059326171875,22493.55078125,-0.016017850921698162,0.0008676673462120199,1474.5256870814733,15.560948243382752,0.6659862157893022
2024-03-11,1455.8248291015625,22332.650390625,-0.008333789276905645,-0.007153178801771132,1476.08203125,15.818955954715852,0.6669021500111079
2024-03-12,1464.5849609375,22335.69921875,0.006017298002358951,0.0001365188668460693,1478.1559535435267,15.755009537453876,0.666254271987603
2024-03-13,1421.6527099609375,21997.69921875,-0.029313595401854298,-0.015132725270416536,1469.6545933314733,18.764283396017486,0.6891763441427177
2024-03-14,1420.957763671875,22146.650390625,-0.0004888298556977588,0.006771215952804832,1458.8878348214287,18.45273912162799,0.6816800367446898
2024-03-15,1407.80517578125,22023.349609375,-0.009256142741806528,-0.005567468627318717,1447.263148716518,18.108651235150088,0.6895672334513256
2024-03-18,1428.899169921875,22055.69921875,0.014983603202708196,0.0014688778023679294,1438.254847935268,18.916846949308937,0.689206101377465
2024-03-19,1414.778564453125,21817.44921875,-0.009882156674163367,-0.010802196640288697,1430.643310546875,19.065837182647126,0.6886021498316088
2024-03-20,1433.1427001953125,21839.099609375,0.012980219098305268,0.0009923428906801757,1427.4030064174108,19.366223202211426,0.6841699598960841
2024-03-21,1440.3145751953125,22011.94921875,0.0050042992920542595,0.0079146856998078,1423.9358084542412,19.46837130172608,0.683917549467321
2024-03-22,1444.3348388671875,22096.75,0.0027912400118077496,0.0038524885010076115,1427.1761125837054,19.492110505373287,0.6831475215655614
2024-03-26,1430.983642578125,22004.69921875,-0.009243837322053361,-0.00416580634029895,1428.6083809988838,19.37580941467641,0.6924174095202033
2024-03-27,1481.8818359375,22123.650390625,0.03556867587086776,0.005405716783151604,1439.1907610212054,23.038417565357154,0.6865890407921379
2024-03-28,1474.933349609375,22326.900390625,-0.004688961130108638,0.009187001078543977,1445.7670724051338,23.050051295567798,0.6685874006523325
2024-04-01,1473.8662109375,22462.0,-0.0007235165386677567,0.006050979178091831,1454.2081647600446,23.047878471796622,0.6630870531745091
2024-04-02,1476.025146484375,22453.30078125,0.001464811073660366,-0.0003872860275131451,1460.334228515625,21.835721218712603,0.6688529599144479
2024-04-03,1460.7880859375,22434.650390625,-0.010323035879955644,-0.0008306302403686683,1463.2590157645088,22.16617419680652,0.6631385924250897
2024-04-04,1452.1767578125,22514.650390625,-0.005894987923230066,0.003565912488363576,1464.3792898995537,20.888966338930455,0.6586423919522449
2024-04-05,1449.3724365234375,22513.69921875,-0.0019311156675492214,-4.224679746289706e-05,1467.0062604631696,20.49617301275531,0.6584882334882661
2024-04-08,1475.057373046875,22666.30078125,0.01772141919922743,0.006778164752814453,1466.0313371930804,21.491959960916926,0.6604270034463944
2024-04-09,1452.896484375,22642.75,-0.015023746924568426,-0.0010390218270411866,1462.8832135881696,22.059760202303185,0.659080262873227
2024-04-10,1468.7044677734375,22753.80078125,0.010880323249758295,0.0049044741142307835,1462.1458217075892,21.744358085682247,0.6663133211461555
2024-04-12,1456.370849609375,22519.400390625,-0.008397617379594657,-0.010301592814249916,1459.3380650111608,21.747492078561155,0.6803689541694619
2024-04-15,1454.062744140625,22272.5,-0.001584833608396563,-0.010963897188301042,1458.3773018973213,21.646378002172444,0.6744551916363727
2024-04-16,1454.98095703125,22147.900390625,0.0006314809277145894,-0.005594325260972033,1458.7779017857142,18.891553807750913,0.6648861024296324
2024-04-18,1453.5665283203125,21995.849609375,-0.0009721286757068404,-0.0068652458503182245,1459.3770577566963,18.897644454442748,0.6622012668117976
2024-04-19,1459.323974609375,22147.0,0.003960910062861478,0.0068717686886063944,1457.129429408482,18.531902483852413,0.6738366694468717
2024-04-22,1468.9774169921875,22336.400390625,0.006615009792733995,0.008551965982977361,1459.4267054966517,17.999572327432073,0.6792916084800914
2024-04-23,1448.603271484375,22368.0,-0.013869611113239366,0.0014147135985376202,1456.5551060267858,18.36322166006323,0.6784748380270695
2024-04-24,1439.5205078125,22402.400390625,-0.006270014606944763,0.0015379287654238016,1454.147914341518,18.013208108152305,0.6484466799653137
2024-04-25,1449.2484130859375,22570.349609375,0.006757739970109977,0.0074969296067168845,1453.4601527622767,18.081360619544157,0.6454423505637567
2024-04-26,1441.8780517578125,22419.94921875,-0.00508564388380528,-0.006663626980883297,1451.5883091517858,18.153413204496143,0.6554914432801474
2024-04-29,1454.2613525390625,22643.400390625,0.008588313530505154,0.00996662256880243,1451.6875697544642,18.062477263292728,0.6126122808990914
2024-04-30,1456.221923828125,22604.849609375,0.0013481560832511175,-0.00170251731563964,1451.244419642857,12.930747971576023,0.5872874836105464
2024-05-02,1455.775146484375,22648.19921875,-0.00030680580785069633,0.0019177127972140884,1449.3583809988838,12.853555546500036,0.5756882019233626
2024-05-03,1423.46435546875,22475.849609375,-0.022194904957440698,-0.007609859296553445,1445.7671072823662,14.874554395450728,0.5918918813598415
2024-05-06,1409.095703125,22442.69921875,-0.010094142707927745,-0.0014749338156797576,1441.4207066127233,15.110209596167376,0.5820799424178134
2024-05-07,1391.17822265625,22302.5,-0.012715588039204029,-0.006246985595782073,1433.124965122768,15.29459338493738,0.5862027073694537
2024-05-08,1408.1278076171875,22302.5,0.012183618665748464,0.0,1428.303501674107,16.020816372387806,0.5995612566875819
2024-05-09,1383.8822021484375,21957.5,-0.017218327297845226,-0.01546911781190452,1418.2493373325892,16.93193979590552,0.6243332578419067
2024-05-10,1397.0845947265625,22055.19921875,0.009540112993453143,0.0044494691449390444,1409.8011474609375,15.929975511676385,0.654600063606691
2024-05-13,1392.394287109375,22104.05078125,-0.0033572108910882026,0.0022149680905385605,1400.7467389787946,15.276765380932789,0.6512629499475956
2024-05-14,1409.6416015625,22217.849609375,0.012386803517364653,0.005148324587705533,1398.7720598493304,15.444538237528866,0.655023668229074
2024-05-15,1405.86962890625,22200.55078125,-0.002675838065554381,-0.0007786004689536163,1398.3111921037946,15.267750132946686,0.6512171648067281
2024-05-16,1414.8778076171875,22403.849609375,0.006407549125266865,0.009157377676264788,1401.6968470982142,15.52000045322927,0.650382676220556
2024-05-17,1425.15185546875,22466.099609375,0.007261438264315689,0.0027785403439750667,1404.1288539341517,15.789105701830234,0.6586804485669978
2024-05-21,1425.57373046875,22529.05078125,0.0002960210860205592,0.002802051667603722,1410.0847865513392,15.794876634220357,0.6725619059154772
2024-05-22,1449.91845703125,22597.80078125,0.017077143077331547,0.0030516154749500313,1417.6324811662946,16.91499616960024,0.6671480217956602
2024-05-23,1475.1319580078125,22967.650390625,0.01738959929387196,0.01636661960848307,1429.4521484375,17.85210939033261,0.6852432260676486
2024-05-24,1469.37451171875,22957.099609375,-0.003903004241625929,-0.0004593757337192361,1437.9854213169642,17.179390792253805,0.6880730153644402
2024-05-27,1455.4774169921875,22932.44921875,-0.009457830264325784,-0.0010737589261899938,1445.0722481863838,17.377499789571154,0.6830621940850358
2024-05-28,1445.501220703125,22888.150390625,-0.006854243269317606,-0.0019317094176221072,1449.447021484375,17.40771476618428,0.6883332894647588
2024-05-29,1430.1895751953125,22704.69921875,-0.010592620254145868,-0.008015115627261094,1450.1666957310267,17.709711448417863,0.6928472283299583
2024-05-30,1414.3814697265625,22488.650390625,-0.011053153891567913,-0.009515599658179275,1448.5678013392858,17.77061712568539,0.6994450251962867
2024-05-31,1419.8907470703125,22530.69921875,0.003895184900022164,0.0018697799732139142,1444.2781284877233,17.839551624105052,0.6846562084656536
2024-06-03,1499.228515625,23263.900390625,0.055875967019565875,0.03254231769535276,1447.720493861607,26.624380497569312,0.7733926951664905
2024-06-04,1387.0091552734375,21884.5,-0.07485140469382034,-0.05929359941641077,1435.9540143694196,36.829888584082084,0.8526879889531386
2024-06-05,1410.3116455078125,22620.349609375,0.016800530945147996,0.033624236760035675,1429.5017613002233,37.16759395064205,0.8360011554216401
2024-06-06,1421.0819091796875,22821.400390625,0.007636796949228142,0.008888049244237806,1426.0132882254463,36.9370967803287,0.8365412890618003
2024-06-07,1459.1500244140625,23290.150390625,0.026788121774310447,0.020539931466807104,1430.1504952566963,37.81652208026847,0.8442538988920357
2024-06-10,1460.5894775390625,23259.19921875,0.0009865011142895508,-0.0013289382574128705,1436.7516392299108,37.17291779066157,0.8505760292844459
2024-06-11,1445.9727783203125,23264.849609375,-0.010007397316991185,0.0002429314342191624,1440.4776436941963,37.345195822898624,0.8477024576354024
2024-06-12,1452.57373046875,23322.94921875,0.0045650597628161815,0.002497312914139238,1433.8126743861608,37.30530009366515,0.8489468907766281
2024-06-13,1454.4847412109375,23398.900390625,0.001315603264813836,0.0032564994745150067,1443.4520438058037,37.12423347892986,0.8439477689414371
2024-06-14,1466.6944580078125,23465.599609375,0.008394530689067148,0.0028505279152657437,1451.5067313058037,37.15572961220537,0.8456144049784975
2024-06-18,1470.1439208984375,23557.900390625,0.0023518619517457484,0.003933450786960613,1458.515590122768,37.12557046035576,0.8446352814704629
2024-06-19,1447.9332275390625,23516.0,-0.015107836072132064,-0.0017786131162043084,1456.9131905691963,37.539433307917506,0.8468068085727168
2024-06-20,1462.87255859375,23567.0,0.0103176933649618,0.0021687361796223215,1457.2393450055804,37.67515968990591,0.84436393061025
2024-06-21,1443.515869140625,23501.099609375,-0.013231972490982069,-0.00279629951309035,1456.8883579799108,37.559320363099,0.848016477978378
2024-06-24,1430.88427734375,23537.849609375,-0.008750573559260566,0.00156375661610908,1453.7898646763392,37.12873919076699,0.845735340712931
2024-06-25,1443.46630859375,23721.30078125,0.008793185758779076,0.007793879853915442,1452.2158028738838,37.27183846569746,0.8464382605082458
2024-06-26,1502.9013671875,23868.80078125,0.0411752309284259,0.006218040121837909,1457.388218470982,39.79398769697065,0.8203464252993113
2024-06-27,1519.3050537109375,24044.5,0.010914679353931867,0.007361040898544724,1464.4112374441963,39.78140193712291,0.8399209035098911
2024-06-28,1553.89892578125,24010.599609375,0.022769536628484355,-0.0014099020825968367,1479.5491943359375,40.05699903360445,0.829677427675689
2024-07-01,1548.6875,24141.94921875,-0.0033537739776928754,0.005470484349075377,1491.8084716796875,39.77379361975705,0.8286882681579062
2024-07-02,1553.675537109375,24123.849609375,0.0032208157613302646,-0.0007497161563467802,1507.5455671037946,39.77605424860816,0.8281811777492986
2024-07-03,1541.019287109375,24286.5,-0.008146005840799275,0.006742306607722792,1523.2791399274554,35.309088898210966,0.8216257030763974
2024-07-04,1542.6075439453125,24302.150390625,0.001030653444264562,0.0006444070008029268,1537.442173549107,21.83357100165629,0.8243750724586878
2024-07-05,1576.9532470703125,24323.849609375,0.022264705796238182,0.0008928929498506211,1548.0210135323662,22.278007177215876,0.8129355815082807
2024-07-08,1589.1380615234375,24320.55078125,0.007726807675346281,-0.00013562113637344275,1557.9971575055804,22.279154897393582,0.8113251686151548
2024-07-09,1578.5911865234375,24433.19921875,-0.006636852552564965,0.004631820986013446,1561.524623325893,21.225496744087984,0.810362499046736
2024-07-10,1572.5855712890625,24324.44921875,-0.003804414522040611,-0.004450911197766749,1564.9386335100446,21.37097057031033,0.8104923506183558
2024-07-11,1569.036865234375,24315.94921875,-0.002256606012083995,-0.0003494426502141934,1567.1331089564733,20.91245202437554,0.8098801385285854
2024-07-12,1584.9937744140625,24502.150390625,0.010169875248472238,0.007657573644356042,1573.4151785714287,21.022096276118035,0.8156984040928066
2024-07-15,1585.4901123046875,24586.69921875,0.00031314816413607893,0.003450669707641296,1579.541259765625,21.042558975511373,0.8175541669282034
2024-07-16,1564.669189453125,24613.0,-0.01313216821093699,0.0010697158254551198,1577.7863943917412,21.808971707675955,0.8156734887307364
2024-07-18,1575.0177001953125,24800.849609375,0.006613864970271832,0.007632129743428306,1575.7691999162946,21.838711979117065,0.8162432572172676
2024-07-19,1543.7242431640625,24530.900390625,-0.019868638319029297,-0.010884676251089243,1570.7882080078125,22.40143509230245,0.8202894154485975
2024-07-22,1489.6495361328125,24509.25,-0.03502873474372403,-0.0008825762723847497,1558.9402029854912,25.819787270088973,0.8029658775841159
2024-07-23,1476.96826171875,24479.05078125,-0.008512924756103102,-0.0012321559717249908,1545.7875453404017,25.542540667419207,0.8038945878920137
2024-07-24,1484.7109375,24413.5,0.005242276345356123,-0.002677831825905974,1531.46142578125,25.313612796969142,0.800508271577841
2024-07-25,1481.435302734375,24406.099609375,-0.0022062441131743826,-0.0003031269840456652,1516.5964529854912,25.22175777410777,0.80082926054119
2024-07-26,1497.9381103515625,24834.849609375,0.011139742374659978,0.01756732976027453,1507.063441685268,21.04780681162781,0.7987461978045824
2024-07-29,1508.931640625,24836.099609375,0.007339108470147293,5.03324972633834e-05,1497.6225760323662,20.848108883119455,0.7975467017771994
2024-07-30,1502.0328369140625,24857.30078125,-0.004571978958622713,0.0008536433743000504,1491.6666608537946,19.12560193995922,0.7973032880728197
2024-07-31,1494.364501953125,24951.150390625,-0.00510530447303148,0.00377553501085659,1492.3402273995537,19.15606692800351,0.7933156324876184
2024-08-01,1504.1671142578125,25010.900390625,0.006559719728269409,0.0023946791656728195,1496.2257777622767,19.29697753756139,0.7930883024783909
2024-08-02,1488.309326171875,24717.69921875,-0.0105425706596185,-0.011722935491954689,1496.7398332868304,19.418919507401615,0.792329263283419
2024-08-05,1436.69140625,24055.599609375,-0.03468225254936952,-0.02678645789462286,1490.3478480747767,22.50803800944298,0.8118530194474389
2024-08-06,1445.352294921875,23992.55078125,0.0060283569834118644,-0.0026209626510589334,1482.8355887276787,20.825681000355594,0.8052822440167011
2024-08-07,1454.062744140625,24297.5,0.0060265232562009,0.012710162480444431,1474.9971749441963,20.71247194341286,0.8034950069328508
2024-08-08,1438.4781494140625,24117.0,-0.010717965775110527,-0.007428747813561065,1465.917933872768,20.82244434044743,0.8056036789743778
2024-08-09,1463.46826171875,24367.5,0.017372604731512142,0.010386864037815746,1461.504185267857,22.14073268313281,0.8077804177493129
2024-08-12,1449.8936767578125,24347.0,-0.009275626479931298,-0.0008412844977941925,1453.7508370535713,22.231389532264952,0.8071566117504174
2024-08-13,1452.8717041015625,24139.0,0.0020539625708344555,-0.008543146999630324,1448.6883196149554,21.76823081712369,0.8013725739917372
2024-08-14,1451.109619140625,24143.75,-0.001212829017154804,0.00019677699987563635,1450.7480643136162,21.73612686666019,0.801686990534744
2024-08-16,1467.339599609375,24541.150390625,0.011184530964905015,0.016459762490292462,1453.8891078404017,22.094778540522015,0.8015073158739542
2024-08-19,1482.4791259765625,24572.650390625,0.01031767040923448,0.0012835584110202358,1457.9485909598213,22.332968166441887,0.803242879656442
2024-08-20,1489.9990234375,24698.849609375,0.005072514903698089,0.005135759339910173,1465.3087158203125,21.587679587062393,0.8000728059570231
2024-08-21,1492.7132568359375,24770.19921875,0.0018216343472330365,0.0028887826964991703,1469.486572265625,17.847050622196605,0.8000362816000448
2024-08-22,1492.1654052734375,24811.5,-0.0003670172821144124,0.001667357653657442,1475.525390625,17.569269889105026,0.8005033124927899
2024-08-23,1494.008056640625,24823.150390625,0.001234884122548019,0.00046955607782672715,1481.4020124162946,17.4889758019032,0.8001695828260296
2024-08-26,1506.5828857421875,25010.599609375,0.008416841559635069,0.007551387144671073,1489.3267647879463,17.679025119953227,0.7992500230697454
2024-08-27,1494.481201171875,25017.75,-0.008032538192779826,0.0002858944102370753,1493.204136439732,17.52138351597346,0.7966321409978547
2024-08-28,1492.33984375,25052.349609375,-0.001432843330646083,0.0013830024432652799,1494.6128104073662,17.31749253368535,0.7967552772909554
2024-08-29,1514.874755859375,25151.94921875,0.01510038896552457,0.00397565940632294,1498.1664864676338,18.05536401433507,0.7650642997825664
2024-08-30,1503.6197509765625,25235.900390625,-0.007429660332829102,0.003337760073577778,1499.7245570591517,18.163391084406626,0.5925971815736387
2024-09-02,1510.2183837890625,25278.69921875,0.004388498360848425,0.001695950113232314,1502.3035539899554,18.08537138434926,0.6020275523899978
2024-09-03,1503.1217041015625,25279.849609375,-0.004699108263862328,4.550829989491412e-05,1503.605503627232,17.756133887245827,0.6003599923760077
2024-09-04,1508.525146484375,25198.69921875,0.003594813625582116,-0.0032100820170585243,1503.8829694475446,12.30559044457831,0.555510420885515
2024-09-05,1487.035888671875,25145.099609375,-0.01424521020586289,-0.0021270784221717465,1502.8193533761162,13.490012038805691,0.559268964472451
2024-09-06,1458.997802734375,24852.150390625,-0.018855016312041895,-0.011650350298901935,1498.0562046595983,15.072966046663344,0.5815800204505674
2024-09-09,1456.63232421875,24936.400390625,-0.00162130368612734,0.003390048695012693,1489.7358572823662,14.56318780942914,0.5797021783828633
2024-09-10,1455.7110595703125,25041.099609375,-0.0006324620380312451,0.0041986500501236534,1482.8917585100446,13.230890414340498,0.5782334462481603
2024-09-11,1445.7259521484375,24918.44921875,-0.006859264657110176,-0.004897963449619458,1473.6785539899554,13.047715325526104,0.5806739154881264
2024-09-12,1473.913330078125,25388.900390625,0.01949704083806436,0.01887963282727112,1469.5059291294642,14.705220812467628,0.602505580040782
2024-09-13,1466.766845703125,25356.5,-0.004848646273265755,-0.0012761636040355961,1463.5404575892858,14.819110335821836,0.6030587194590495
2024-09-16,1465.4969482421875,25383.75,-0.0008657800417685158,0.0010746751326089488,1460.4634660993304,14.308935728858915,0.6047242623658167
2024-09-17,1466.4432373046875,25418.55078125,0.000645712066227766,0.0013709866056039743,1461.527099609375,13.812025692336213,0.6018436461839661
2024-09-18,1457.6282958984375,25377.55078125,-0.006011103043068844,-0.0016129951842196455,1461.6693812779017,13.78405652360922,0.6064053752423617
2024-09-19,1463.82861328125,25415.80078125,0.00425370267595615,0.0015072376499098983,1462.8290318080358,13.872461092028146,0.6021787034770967
2024-09-20,1480.0140380859375,25790.94921875,0.011056912440321032,0.014760441377741573,1467.727329799107,14.478335479883883,0.6337174355588104
2024-09-23,1487.434326171875,25939.05078125,0.005013660610634352,0.005742385099666292,1469.658900669643,14.58919598170581,0.6303450794929548
2024-09-24,1483.4501953125,25940.400390625,-0.002678525558589717,5.2030021699067674e-05,1472.042236328125,14.269163565982446,0.6695480435444658
2024-09-25,1488.0069580078125,26004.150390625,0.003071732849347697,0.0024575565157058943,1475.2579520089287,14.067050465252198,0.6743836392223169
2024-09-26,1491.9910888671875,26216.05078125,0.0026774947777858937,0.008148714241454025,1478.9076450892858,14.092571335277082,0.6765917941547883
2024-09-27,1520.1038818359375,26178.94921875,0.018842467075386393,-0.0014152231703233875,1487.832728794643,14.64567496861085,0.6616954090417693
2024-09-30,1470.701171875,25810.849609375,-0.03249956174131363,-0.014060900852023384,1488.8145228794642,18.388744241750686,0.6906470014941263
2024-10-01,1458.997802734375,25796.900390625,-0.007957679890677194,-0.0005404401234794243,1485.8122035435267,18.431111865537332,0.7148517523464799
2024-10-03,1401.3780517578125,25250.099609375,-0.03949269208533057,-0.021196375260987388,1473.5184500558037,22.63515826157772,0.7598520283499782
2024-10-04,1381.0093994140625,25014.599609375,-0.014534730523430572,-0.009326695880144675,1458.8840506417412,22.816521894672043,0.7701029603377585
2024-10-07,1365.272216796875,24795.75,-0.011395420352580121,-0.008748875168602677,1441.3505161830358,22.677754172558387,0.7734443016188343
2024-10-08,1391.791259765625,25013.150390625,0.0194239966524532,0.00876764730346924,1427.0362548828125,23.376224711637235,0.7769950794242715
2024-10-09,1369.1318359375,24981.94921875,-0.01628076313106086,-0.0012473907279866303,1405.4688197544642,23.88146115740233,0.7693941476325213
2024-10-10,1365.595947265625,24998.44921875,-0.0025825772062730845,0.0006604768849507447,1390.4537876674108,23.86833130536859,0.7692512379972627
2024-10-11,1366.6417236328125,24964.25,0.0007658021900851519,-0.0013680536120755926,1377.2600620814733,23.856310310761256,0.7738957546685492
2024-10-14,1367.0650634765625,25127.94921875,0.0003097665148292794,0.006557345754428789,1372.3582066127233,22.508213483396784,0.7702267452234292
2024-10-15,1338.678466796875,25057.349609375,-0.02076462740368623,-0.0028096049048969007,1366.3109305245537,23.291760396268486,0.7575204101786964
2024-10-16,1348.6884765625,24971.30078125,0.007477531023245998,-0.0034340754096676696,1363.9418247767858,23.62096454212641,0.7858458627491112
2024-10-17,1351.0291748046875,24749.849609375,0.0017355366215876522,-0.008868227322834543,1358.1186697823662,23.650046009992103,0.7724696103259774
2024-10-18,1353.8927001953125,24854.05078125,0.002119514103785969,0.004210173941240125,1355.941650390625,23.72139571452469,0.7790706722945251
2024-10-21,1363.7532958984375,24781.099609375,0.007283144152932186,-0.00293518237799828,1355.6784144810267,23.867347960316255,0.7697775562278378
2024-10-22,1338.006103515625,24472.099609375,-0.018879655477459623,-0.012469180337869368,1351.587611607143,23.858025506007984,0.7776805332676844
2024-10-23,1333.2003173828125,24435.5,-0.0035917520257832125,-0.001495564743491773,1346.749790736607,23.602196087396916,0.7811421067646591
2024-10-24,1334.4703369140625,24399.400390625,0.0009526096826493191,-0.0014773427748562273,1346.1486293247767,23.682380486928757,0.7809451010114595
2024-10-25,1322.5677490234375,24180.80078125,-0.008919334931152934,-0.008959220549493163,1342.4170968191963,23.53636417250175,0.7861310653945276
2024-10-28,1329.0418701171875,24339.150390625,0.004895114899429842,0.0065485676346082045,1339.2760532924108,23.645622452438854,0.7872293751787367
2024-10-29,1334.66943359375,24466.849609375,0.004234301118042572,0.0052466588480091225,1336.5298723493304,22.260599115216394,0.7878892700240798
2024-10-30,1338.553955078125,24340.849609375,0.0029104745988790537,-0.005149825253829232,1332.929966517857,20.25481262667265,0.7430589046840522
2024-10-31,1326.7510986328125,24205.349609375,-0.008817617250717169,-0.005566773640794054,1331.3221086774554,20.27605134345947,0.7530310352998434
2024-11-01,1333.3248291015625,24304.349609375,0.004954757886030059,0.004090004961616156,1331.3398960658483,15.98509891509,0.7573148224515799
2024-11-04,1296.9700927734375,23995.349609375,-0.02726622615482377,-0.0127137736646451,1325.9827183314733,17.724720900870476,0.7688827395153893
2024-11-05,1300.1075439453125,24213.30078125,0.002419062081197243,0.00908305881860727,1322.7741176060267,17.537976019834193,0.7560388073893278
2024-11-06,1320.0777587890625,24484.05078125,0.015360433017062691,0.011181870759630508,1321.4935302734375,16.951385110246168,0.7667206410792116
2024-11-07,1300.4561767578125,24199.349609375,-0.014863959263467397,-0.011628025706147627,1316.605922154018,16.812384229825053,0.7880442740868027
2024-11-08,1278.6431884765625,24148.19921875,-0.01677333590404584,-0.002113709312467793,1308.0472412109375,17.535592872985152,0.7832016582478971
2024-11-11,1267.6370849609375,24141.30078125,-0.008607642550177097,-0.00028567088740283353,1299.6023821149554,17.57785857302755,0.7808360160382832
2024-11-12,1269.1810302734375,23883.44921875,0.0012179710824313794,-0.010680930776533315,1290.4389822823662,17.60555711883365,0.7628118728624578
2024-11-13,1247.0693359375,23559.05078125,-0.017422017670066903,-0.013582562322921432,1283.310302734375,17.225871368244388,0.7678779413039951
2024-11-14,1262.5574951171875,23532.69921875,0.012419645590951989,-0.0011185324376894457,1277.946010044643,17.69465258270773,0.7556508852501865
2024-11-18,1255.7347412109375,23453.80078125,-0.005403915411881233,-0.0033527151631265184,1268.754150390625,17.62262817883494,0.755722341672418
2024-11-19,1236.710693359375,23518.5,-0.01514973443612555,0.002758581406631766,1259.6476527622767,17.951204257923408,0.7390052621148919
2024-11-21,1218.1348876953125,23349.900390625,-0.015020332373453904,-0.007168807933116472,1251.0036097935267,17.809310242716737,0.7377652395694351
2024-11-22,1260.3662109375,23907.25,0.03466883977199631,0.023869464111237804,1249.9649135044642,21.86436583598981,0.779373131789281
2024-11-25,1281.8802490234375,24221.900390625,0.017069672210535236,0.013161295867362366,1251.779087611607,22.910874077614817,0.7884970187858549
2024-11-26,1290.545654296875,24194.5,0.0067599179252813,-0.0011312238174179257,1257.989990234375,23.085439270839505,0.7857443346087096
2024-11-27,1288.0555419921875,24274.900390625,-0.0019295034595612215,0.003323085437806128,1261.632568359375,22.928537036520787,0.7900989451186142
2024-11-28,1265.7447509765625,23914.150390625,-0.017321295773564005,-0.014861029054492936,1263.0625697544642,23.47446578247889,0.7942656675073172
2024-11-29,1287.0595703125,24131.099609375,0.016839745390603067,0.009072001940535257,1270.2552664620537,24.302505286601168,0.8000810238961983
2024-12-02,1303.9422607421875,24276.05078125,0.013117256434050262,0.006006820004948565,1282.513462611607,24.79431570728882,0.8063981121444405
2024-12-03,1318.035888671875,24457.150390625,0.010808475462453115,0.007460011144599932,1290.751988002232,24.959230559482553,0.8120949910095465
2024-12-04,1303.742919921875,24467.44921875,-0.010844142312697147,0.00042109681465385407,1293.8752267020088,25.147719915369716,0.8026148075177101
2024-12-05,1316.7908935546875,24708.400390625,0.010008087816572253,0.009847825562885104,1297.624546595982,23.49315143470726,0.806488766796359
2024-12-06,1306.3326416015625,24677.80078125,-0.007942226821521237,-0.0012384293961259507,1300.235560825893,23.67809670228867,0.8070759430099511
2024-12-09,1289.9979248046875,24619.0,-0.01250425525373744,-0.0023827399277279726,1303.7002999441963,23.415884720923994,0.805349167985979
2024-12-10,1279.73876953125,24610.05078125,-0.00795284633887361,-0.0003635086213900074,1302.6544712611608,23.019106064098004,0.7950686983960987
2024-12-11,1273.115234375,24641.80078125,-0.005175693128900094,0.0012901233029631864,1298.2506103515625,22.33698939484482,0.7936308324543259
2024-12-12,1257.876220703125,24548.69921875,-0.0119698620049552,-0.003778196379659149,1289.6563720703125,22.527657130040232,0.7939573673097
2024-12-13,1267.78662109375,24768.30078125,0.007878676953671393,0.008945547808588916,1284.5197579520088,22.700686893635062,0.7958293885424036
2024-12-16,1263.2547607421875,24668.25,-0.003574623896608675,-0.004039468921733236,1276.8717389787946,21.849051601665614,0.795139079571713
2024-12-17,1240.34619140625,24336.0,-0.018134560064890004,-0.013468730047733413,1267.445103236607,22.34280495431874,0.8002294139469777
2024-12-18,1248.2645263671875,24198.849609375,0.006383971681293232,-0.005635699812006956,1261.483189174107,22.406559915316347,0.7868349225292772
2024-12-19,1225.55517578125,23951.69921875,-0.018192738883663018,-0.010213311567061067,1253.74267578125,22.685612078205462,0.7899533461012583
2024-12-20,1200.50537109375,23587.5,-0.02043955684943488,-0.01520556915080562,1243.369838169643,23.19949548732721,0.7961926217363218
2024-12-23,1217.437744140625,23753.44921875,0.014104370921263154,0.0070354729729729115,1237.5929129464287,20.15515584680812,0.7994122911705248
2024-12-24,1217.8858642578125,23727.650390625,0.0003680846263756088,-0.0010861087115143775,1230.4642333984375,19.006435057311137,0.8011056824673883
2024-12-26,1211.7105712890625,23750.19921875,-0.0050705022120551835,0.0009503186263191132,1223.1007777622767,18.730431223435893,0.8170555117648483
2024-12-27,1216.1927490234375,23813.400390625,0.0036990497900886155,0.002661079652128029,1219.6502859933037,18.86930614207743,0.8103930187878666
2024-12-30,1205.8837890625,23644.900390625,-0.008476419522493672,-0.007075847935867907,1213.5958949497767,18.241864946109132,0.8123893273284747
2024-12-31,1210.6148681640625,23644.80078125,0.003923329216690696,-4.212721278373799e-06,1211.4615652901787,17.049273356609078,0.7887129739333675
