Date,Close,High,Low,Open,Volume,Return,MA_7,Year_High
2023-01-02,1175.8896484375,1177.3048023328713,1163.244668797144,1164.066351583663,5316175,,,1177.3048023328713
2023-01-03,1167.28466796875,1174.565828259546,1163.0621480210023,1170.9366586985077,7658932,-0.007317846942682227,,1177.3048023328713
2023-01-04,1149.7095947265625,1169.1107276232437,1147.6325061253483,1167.2618507099899,9264891,-0.015056372900683068,,1177.3048023328713
2023-01-05,1147.6552734375,1157.858025867488,1143.0674942432397,1151.969198619059,13637099,-0.0017868175567857802,,1177.3048023328713
2023-01-06,1158.0863037109375,1163.1306272948216,1149.5955006159752,1153.4072395784428,6349597,0.00908899258763829,,1177.3048023328713
2023-01-09,1185.4302978515625,1187.8041821914996,1161.0306065888913,1161.9207528429104,10722753,0.023611361306151935,,1187.8041821914996
2023-01-10,1167.9010009765625,1189.6302560157692,1162.240505708343,1189.6302560157692,8047142,-0.014787286023285828,1164.5652553013392,1189.6302560157692
2023-01-11,1153.1790771484375,1167.7184566325625,1150.873655990327,1165.2077656913489,11509553,-0.012605455270450983,1161.3208879743304,1189.6302560157692
2023-01-12,1128.2769775390625,1156.077627831873,1125.2641003718309,1152.5855061360771,17688773,-0.021594304044218804,1155.7483607700892,1189.6302560157692
2023-01-13,1126.451171875,1128.8705782042637,1111.3867843100481,1122.2513519945564,20618583,-0.001618224691639858,1152.4257289341517,1189.6302560157692
2023-01-16,1115.723388671875,1131.951774613395,1107.917221092014,1128.7791493112115,13623855,-0.009523522608857027,1147.8640311104912,1189.6302560157692
2023-01-17,1131.5638427734375,1133.481062404078,1118.6906511572718,1122.0686670526488,10751000,0.014197474268616395,1144.0751081194196,1189.6302560157692
2023-01-18,1129.692138671875,1137.178689301756,1123.1414974309203,1129.1444306357287,13448286,-0.0016540861689031683,1136.112513950893,1189.6302560157692
2023-01-19,1128.4825439453125,1132.6366004638107,1121.4524163802744,1128.8705038207283,11940054,-0.0010707295245805382,1130.4813058035713,1189.6302560157692
2023-01-20,1115.0615234375,1129.8291140692525,1112.596474928504,1129.8291140692525,14930286,-0.011892980161563704,1125.0359409877233,1189.6302560157692
2023-01-23,1109.423828125,1125.8120854761514,1107.0044217374414,1117.960395115449,10954118,-0.005055950002758713,1122.3426339285713,1189.6302560157692
2023-01-24,1102.873046875,1115.51790607312,1089.8171651533376,1113.851719292168,16488755,-0.005904669688834074,1118.974330357143,1189.6302560157692
2023-01-25,1087.6258544921875,1102.3022790893294,1086.4618542855478,1101.275205877952,12385018,-0.013824975073981172,1114.9603969029017,1189.6302560157692
2023-01-27,1066.992431640625,1089.817223588686,1055.260418546103,1088.4706538388855,25830975,-0.01897106690351369,1105.7359095982142,1189.6302560157692
2023-01-30,1077.218017578125,1082.764407064242,1050.3987961919847,1064.4132886312711,21772103,0.009583559952507814,1098.2396065848213,1189.6302560157692
2023-01-31,1074.5245361328125,1089.9541811505658,1068.6585300710096,1087.3749062182637,22691594,-0.0025004051188896037,1090.5313197544642,1189.6302560157692
2023-02-01,1068.1566162109375,1086.439272024598,1052.224782493373,1086.439272024598,19347800,-0.005926267579512867,1083.8306187220983,1189.6302560157692
2023-02-02,1062.244873046875,1071.8540341073915,1054.9637127057106,1058.1591593362568,13662663,-0.0055345284336983935,1077.0907679966517,1189.6302560157692
2023-02-03,1063.1806640625,1072.3105805967245,1046.7467660021255,1072.3105805967245,24699575,0.0008809560200002675,1071.4204275948662,1189.6302560157692
2023-02-06,1055.1690673828125,1059.528634971871,1052.5899131464937,1056.7896118119152,14837879,-0.007535498857808909,1066.7837437220983,1189.6302560157692
2023-02-07,1052.635498046875,1062.4501695052957,1046.7466710224398,1055.4201633910932,15135435,-0.002401102737233929,1064.7327532087054,1189.6302560157692
2023-02-08,1073.6572265625,1077.2863960062462,1053.137736379797,1055.8766387784026,21160332,0.019970567736533607,1064.2240687779017,1189.6302560157692
2023-02-09,1075.52880859375,1082.284961068636,1065.463103759131,1074.341987106508,13172763,0.0017431839370580793,1064.3675362723213,1189.6302560157692
2023-02-10,1066.6728515625,1075.0039060071294,1059.6655455942528,1075.0039060071294,10790445,-0.008234049111923936,1064.1555698939733,1189.6302560157692
2023-02-13,1060.6015625,1072.767178094588,1056.1278886860243,1068.2935042806123,10352493,-0.005691800493100141,1063.9208112444196,1189.6302560157692
2023-02-14,1085.5946044921875,1087.329254712915,1060.738368480938,1063.6143185684562,14321920,0.023564968104775375,1067.122802734375,1189.6302560157692
2023-02-15,1110.1768798828125,1112.5735854842064,1083.2664969637603,1084.6358877756606,33503591,0.022644065555321946,1074.9810616629463,1189.6302560157692
2023-02-16,1109.3095703125,1124.7163944448255,1107.0270912647763,1118.1656324865594,17264487,-0.000781235482407161,1083.077357700893,1189.6302560157692
2023-02-17,1113.9429931640625,1117.2754874405753,1100.4306882070916,1104.7217922905263,11809520,0.004176852860159785,1088.8324672154017,1189.6302560157692
2023-02-20,1102.16552734375,1118.3026298698114,1100.2025445254703,1116.13425652598,8836937,-0.010572772478113612,1092.6377127511162,1189.6302560157692
2023-02-21,1111.1585693359375,1116.9559918914763,1101.2296696771075,1106.5479683974272,13311592,0.008159429567590415,1098.9928152901787,1189.6302560157692
2023-02-22,1085.9598388671875,1109.2868172204335,1084.2023673241313,1107.4380609994967,11024335,-0.02267788879476451,1102.6154261997767,1189.6302560157692
2023-02-23,1080.7557373046875,1093.1953270218976,1077.9483712962124,1085.5490279902117,9851910,-0.004792167607163611,1101.9241594587054,1189.6302560157692
2023-02-24,1088.15087890625,1093.834315272933,1080.9839459876737,1082.8098807799356,9434053,0.006842565203498463,1098.777587890625,1189.6302560157692
2023-02-27,1080.91552734375,1090.8672478016565,1073.543202799622,1087.3750050988056,11199715,-0.0066492172204764,1094.7212960379463,1189.6302560157692
2023-02-28,1060.2362060546875,1080.5274845520237,1056.1734344203933,1075.5516247048565,21994038,-0.01913130190652368,1087.0488978794642,1189.6302560157692
2023-03-01,1069.982421875,1070.712820002187,1060.5557097259696,1070.0280642112666,11551145,0.009192494808849982,1082.4513113839287,1189.6302560157692
2023-03-02,1061.833984375,1073.5203549354069,1059.802538079039,1066.8326656493814,9333535,-0.007615487257931708,1075.4049421037946,1189.6302560157692
2023-03-03,1088.9271240234375,1092.6019362119685,1068.9098180563456,1072.3791189632545,14643807,0.025515419592060384,1075.8288399832588,1189.6302560157692
2023-03-06,1099.5633544921875,1106.8216933590497,1095.5918675399987,1095.5918675399987,10171916,0.009767623777659828,1078.5156424386162,1189.6302560157692
2023-03-08,1103.51220703125,1104.2654263644915,1088.7444955670887,1099.563420263857,15782657,0.003591291509424943,1080.7101178850446,1189.6302560157692
2023-03-09,1076.9896240234375,1103.3066574341256,1075.095225544964,1102.8958764013148,16235128,-0.024034698337561222,1080.1492745535713,1189.6302560157692
2023-03-10,1060.3046875,1070.0280749321848,1056.8124450060086,1068.8868957671646,13334091,-0.015492198022396542,1080.1590576171875,1189.6302560157692
2023-03-13,1042.8665771484375,1070.0281154160118,1038.5298305140532,1063.1806779260546,12771592,-0.016446320154142047,1076.285365513393,1189.6302560157692
2023-03-14,1038.9635009765625,1052.2018311560978,1035.8136967949142,1040.812257084253,16027522,-0.0037426419231378905,1073.0181535993304,1189.6302560157692
2023-03-15,1021.2057495117188,1049.1661484530055,1016.800539526596,1042.6839706485123,21728555,-0.017091795282656697,1063.3436715262276,1189.6302560157692
2023-03-16,1016.1157836914062,1028.9433330363881,1005.2968594074098,1023.921951504309,18363159,-0.0049842706259206615,1051.4225899832588,1189.6302560157692
2023-03-17,1014.837646484375,1028.0075129528561,1010.0900587449327,1024.720781814394,34014213,-0.0012578657152514383,1038.7547956194196,1189.6302560157692
2023-03-20,1004.8631591796875,1013.4224856028961,995.1625932582816,1011.1400066065017,19524589,-0.009828653222750838,1028.4510149274554,1189.6302560157692
2023-03-21,1036.1103515625,1038.0733342187905,1012.0529769869939,1012.9431232711898,21400360,0.031095967741837427,1024.9946812220983,1189.6302560157692
2023-03-22,1039.2601318359375,1046.0391051865406,1036.247254791225,1043.0946916431246,10920094,0.003040004637235194,1024.4794747488838,1189.6302560157692
2023-03-23,1026.1131591796875,1036.2016854580306,1023.9447859117854,1035.3343603002547,16249370,-0.01265031944699424,1022.6437116350446,1189.6302560157692
2023-03-24,1005.7990112304688,1027.1174243598298,1003.3796050761481,1024.9490510644619,12375945,-0.019797181010190568,1020.4427490234375,1189.6302560157692
2023-03-27,1021.4339599609375,1028.9433318287538,1004.383890745215,1012.2812828490338,14054323,0.015544804236127918,1021.2024884905134,1189.6302560157692
2023-03-28,1026.2044677734375,1030.0846702786253,1021.1829653124684,1024.8349561252708,12576424,0.004670402590376321,1022.8263201032366,1189.6302560157692
2023-03-29,1020.133056640625,1024.7436572444662,1009.3597140789179,1022.0959186617868,18804065,-0.005916375657558426,1025.0077340262276,1189.6302560157692
2023-03-31,1064.116455078125,1069.7770709600845,1029.2629756900762,1029.3999027039445,28171201,0.0431153545620222,1029.0086059570312,1189.6302560157692
2023-04-03,1064.299072265625,1072.3106311531849,1056.7896998650788,1070.4846960590223,10293043,0.00017161391183129204,1032.5855974469866,1189.6302560157692
2023-04-05,1061.74267578125,1071.8540232011114,1053.8453439607506,1071.8540232011114,16262928,-0.0024019531267025496,1037.675528390067,1189.6302560157692
2023-04-06,1068.8638916015625,1074.592970502133,1058.2275373074351,1058.2275373074351,18435046,0.006707101431213225,1046.6847970145088,1189.6302560157692
2023-04-10,1061.2861328125,1072.9496819536614,1059.779694186431,1072.7671126043012,12961408,-0.0070895451222589,1052.377964564732,1189.6302560157692
2023-04-11,1066.535888671875,1068.6586196822263,1060.9210357303307,1065.4631729553812,10542367,0.004946597997528501,1058.1395961216517,1189.6302560157692
2023-04-12,1071.23779296875,1080.8925957399235,1063.6599579243734,1066.5357872569193,18179087,0.00440857578897802,1065.4402727399554,1189.6302560157692
2023-04-13,1075.27783203125,1079.9797173840186,1069.1151503508545,1074.1365320735108,12378208,0.003771374655578308,1067.0347551618304,1189.6302560157692
2023-04-17,1080.73291015625,1106.9814803229494,1072.333391852291,1106.9814803229494,17929479,0.005073180123777998,1069.3824462890625,1189.6302560157692
2023-04-18,1068.3619384765625,1085.0925121063174,1061.8111761257844,1085.0925121063174,10405576,-0.011446835349817275,1070.3280552455358,1189.6302560157692
2023-04-19,1073.6800537109375,1076.3733137885806,1064.64142217666,1067.768405195298,12273475,0.004977821693983531,1071.016078404018,1189.6302560157692
2023-04-20,1070.9638671875,1076.8755157885284,1064.595795217696,1074.638679040759,7007330,-0.0025297913601445288,1072.3986118861608,1189.6302560157692
2023-04-21,1072.310546875,1077.7884724738815,1066.5586465106753,1073.0637661728558,7647317,0.0012574464263079843,1073.2235630580358,1189.6302560157692
2023-04-24,1076.4190673828125,1086.8727319946267,1071.8539885727766,1084.1794719407253,12936186,0.003831465166304504,1073.9637451171875,1189.6302560157692
2023-04-25,1084.65869140625,1086.7357798786459,1072.9952636709509,1080.0709122812248,9236126,0.0076546618999151494,1075.3038678850446,1189.6302560157692
2023-04-26,1078.290771484375,1089.2467445727555,1074.6159592843226,1086.005534613959,8617834,-0.005870897428221444,1074.9549909319196,1189.6302560157692
2023-04-27,1085.115234375,1088.2878596252956,1079.1579437194785,1084.1794457664448,9167125,0.006328963458743564,1077.3483189174108,1189.6302560157692
2023-04-28,1104.949951171875,1106.5021527689444,1087.2607695641375,1087.3748753991613,15565210,0.01827890363026685,1081.8154471261162,1189.6302560157692
2023-05-02,1114.3310546875,1116.4994278601828,1108.4194062766874,1112.1170391794083,12981805,0.008490070980749609,1088.0107596261162,1189.6302560157692
2023-05-03,1104.767333984375,1116.1340858641377,1101.549066588438,1116.1340858641377,7061872,-0.008582477050150028,1092.6474434988838,1189.6302560157692
2023-05-04,1117.503662109375,1119.717677582049,1102.2567073883076,1105.2467632974385,8635233,0.011528516216229967,1098.5166713169642,1189.6302560157692
2023-05-05,1114.6505126953125,1123.5978590907398,1112.0257162588239,1114.3081951915199,8746585,-0.002553145471288154,1102.8012172154017,1189.6302560157692
2023-05-08,1128.4140625,1133.7778823916174,1115.746261129747,1118.4167001177036,9153782,0.012347861188711118,1109.9616873604912,1189.6302560157692
2023-05-09,1131.9061279296875,1135.2158009724574,1124.4652198090143,1129.8290394334551,6464721,0.003094666705899529,1116.6461007254463,1189.6302560157692
2023-05-10,1139.6895751953125,1141.173192717246,1132.659447469911,1136.6766978121202,10872255,0.006876407039037247,1121.6089041573662,1189.6302560157692
2023-05-11,1132.24853515625,1145.5781493917782,1130.5365853892238,1140.762158669685,10557860,-0.006529005968829105,1124.1685442243304,1189.6302560157692
2023-05-12,1134.0972900390625,1135.4896227195354,1121.3838473257679,1127.455243721531,6955341,0.001632817199942238,1128.3585379464287,1189.6302560157692
2023-05-15,1136.334228515625,1143.318592964205,1128.9846046154787,1136.6310244600713,6833343,0.0019724396629898777,1131.048618861607,1189.6302560157692
2023-05-16,1120.1513671875,1141.058816015231,1118.4850597805391,1138.5024831085086,8717229,-0.01424128651766865,1131.8344552176338,1189.6302560157692
2023-05-17,1113.5322265625,1125.2641183192468,1108.830341392445,1124.3511508366894,8798967,-0.005909148369491746,1129.7084786551338,1189.6302560157692
2023-05-18,1111.1356201171875,1121.6122266625744,1107.9856952056505,1118.2112689036005,10525531,-0.002152256026492272,1126.7412632533483,1189.6302560157692
2023-05-19,1114.741943359375,1116.5679991928369,1104.1968724046772,1111.1357155261294,8050447,0.003245619325755289,1123.1773158482142,1189.6302560157692
2023-05-22,1120.6990966796875,1125.720598669704,1110.3595382742935,1111.5691808774143,7434906,0.005343975218479846,1121.5273960658483,1189.6302560157692
2023-05-23,1120.49365234375,1126.6335119735163,1119.0784985578177,1123.2783175836105,6092034,-0.00018331801689330796,1119.584019252232,1189.6302560157692
2023-05-24,1113.9656982421875,1124.8075631613845,1110.8615367170432,1116.544972955841,8112254,-0.005825962590602751,1116.3885149274554,1189.6302560157692
2023-05-25,1113.828857421875,1117.960213217733,1102.9186489083418,1111.0671339157268,11487863,-0.00012284114360827658,1115.4852992466517,1189.6302560157692
2023-05-26,1144.208740234375,1145.349919313803,1118.7590340242448,1122.0685861761906,12626260,0.027275180212890993,1119.8676583426338,1189.6302560157692
2023-05-29,1150.6453857421875,1154.9364899661489,1144.5283465169668,1150.8279550929283,10010304,0.005625411938816383,1125.5119105747767,1189.6302560157692
2023-05-30,1150.3486328125,1158.451475420254,1147.7921790871794,1150.645307987406,11342504,-0.00025790129032332576,1130.5985804966517,1189.6302560157692
2023-05-31,1127.5009765625,1145.7381091276332,1123.4382047768395,1141.2416143873527,27107927,-0.019861505980269256,1131.570277622768,1189.6302560157692
2023-06-01,1124.4652099609375,1134.3484659204855,1122.068625138698,1132.1800927726736,14592692,-0.002692473589528843,1132.1376429966517,1189.6302560157692
2023-06-02,1120.7904052734375,1133.412563645759,1118.8731857024297,1128.003101699598,15800644,-0.0032680465833422323,1133.1126011439733,1189.6302560157692
2023-06-05,1130.8563232421875,1133.8235582589482,1122.274114564264,1126.268543700321,10908682,0.008981088632976197,1135.5450962611608,1189.6302560157692
2023-06-06,1131.8148193359375,1135.6265579862757,1123.8946668621782,1133.6865172838243,7493309,0.0008475843253030746,1133.7745361328125,1189.6302560157692
2023-06-07,1140.3970947265625,1141.241598708449,1128.7335456658939,1135.3071289198083,10312545,0.0075827558042227405,1132.3104945591517,1189.6302560157692
2023-06-08,1141.081787109375,1148.9335976883083,1137.133121023714,1143.9805586437908,12071109,0.0006003982174092037,1130.9866594587054,1189.6302560157692
2023-06-09,1133.001708984375,1145.144501301207,1131.1984746215855,1144.4369244051343,5877018,-0.007081068347842723,1131.7724783761162,1189.6302560157692
2023-06-12,1134.0059814453125,1136.311281503828,1125.264025708016,1130.057315904061,6391969,0.0008863821236755332,1133.1354457310267,1189.6302560157692
2023-06-13,1150.759521484375,1151.946463788879,1134.9647365494955,1138.9591656822827,11248016,0.014773766905276542,1137.416748046875,1189.6302560157692
2023-06-14,1164.910888671875,1166.3488637759137,1149.0019986007082,1150.827933567815,13277380,0.012297414814561813,1142.2816859654017,1189.6302560157692
2023-06-15,1165.23046875,1169.7954267696327,1157.4471223513988,1164.888030487722,11813494,0.00027433864790227247,1147.0553501674108,1189.6302560157692
2023-06-16,1176.574462890625,1178.856942021871,1168.72265257123,1168.72265257123,24171579,0.009735408097244713,1152.2235456194196,1189.6302560157692
2023-06-19,1164.88818359375,1179.5874324568545,1160.7113056227922,1179.5874324568545,6798554,-0.00993246043107543,1155.6244594029017,1189.6302560157692
2023-06-20,1167.3074951171875,1170.457299404325,1157.2189687814275,1162.9480481347903,6921096,0.0020768615885293773,1160.5252859933037,1189.6302560157692
2023-06-21,1170.5943603515625,1173.1278723617306,1163.1534517577868,1167.2618659292657,6961603,0.0028157664095569412,1165.752197265625,1189.6302560157692
2023-06-22,1157.4471435546875,1174.702723824018,1155.8494202932393,1166.8053921892115,7619166,-0.011231231964013988,1166.7075718470983,1189.6302560157692
2023-06-23,1147.9749755859375,1156.4885999942844,1146.7195697742059,1154.4343325060674,6628570,-0.008183672162911604,1164.2881556919642,1189.6302560157692
2023-06-26,1139.210205078125,1148.2716583591261,1136.0832218598148,1144.437098137329,12641159,-0.007634983944958318,1160.5709751674108,1189.6302560157692
2023-06-27,1139.62109375,1145.578264166708,1135.1474200849475,1139.666736088607,9689466,0.00036067853855548115,1155.2919224330358,1189.6302560157692
2023-06-28,1154.708251953125,1158.519990797568,1140.2600374666351,1147.1760589375283,11354006,0.01323874951584103,1153.837646484375,1189.6302560157692
2023-06-30,1164.1805419921875,1167.1021346662303,1156.511421596289,1162.423070452648,11151555,0.00820318900730177,1153.3909388950892,1189.6302560157692
2023-07-03,1194.058349609375,1196.934300105854,1166.5087289327182,1167.7413136446191,12154387,0.025664238955634522,1156.7429373604912,1196.934300105854
2023-07-04,1181.7557373046875,1198.3037415268395,1174.6799673322103,1198.3037415268395,8061643,-0.010303191890674523,1160.2155936104912,1198.3037415268395
2023-07-05,1179.8155517578125,1190.9997357239995,1175.8440646341217,1190.9997357239995,10248062,-0.0016417822106792324,1164.7642473493304,1198.3037415268395
2023-07-06,1204.5804443359375,1207.1824197013011,1175.958111582341,1175.958111582341,19117987,0.02099047816519084,1174.1028529575892,1207.1824197013011
2023-07-07,1202.2294921875,1216.5406584496827,1199.6730384312104,1202.8686056265724,13375267,-0.0019516771665121224,1183.046909877232,1216.5406584496827
2023-07-10,1248.541015625,1258.1046546175523,1221.1284462814795,1227.4736968882496,33240016,0.03852136695901098,1196.4515904017858,1258.1046546175523
2023-07-11,1262.0760498046875,1264.495455649915,1249.7050458386786,1256.6894093813987,20069348,0.01084068045046327,1210.4366629464287,1264.495455649915
2023-07-12,1263.468505859375,1279.103541836806,1260.683840337917,1262.806571231475,18733835,0.0011033059813654322,1220.3523995535713,1279.103541836806
2023-07-13,1252.1702880859375,1277.734103452716,1249.54549133918,1270.8410235059798,14682934,-0.008942223506990254,1230.41162109375,1279.103541836806
2023-07-14,1251.1202392578125,1260.3414396091937,1243.9988277461352,1255.365580017741,15124144,-0.000838583088990319,1240.5980050223213,1279.103541836806
2023-07-17,1276.6842041015625,1285.060901535764,1245.3228457945552,1253.9963391795925,22220040,0.020432860121354146,1250.8985421316963,1285.060901535764
2023-07-18,1287.52587890625,1295.286283587151,1274.995004828538,1285.9509768018002,25867313,0.008492056821770566,1263.083740234375,1295.286283587151
2023-07-19,1297.294921875,1303.7543992835303,1276.8210735612868,1291.8854597114334,39122156,0.007587453680580669,1270.048583984375,1303.7543992835303
2023-07-20,1295.7239990234375,1301.2137583797864,1276.0149599670335,1276.0149599670335,38717624,-0.0012109219153436657,1274.855433872768,1303.7543992835303
2023-07-21,1255.6134033203125,1293.2755748788927,1248.1205739980844,1290.3576048302098,30249238,-0.030956126253241845,1273.7332763671875,1303.7543992835303
2023-07-24,1230.216796875,1243.8424839995957,1221.2649818512405,1227.0515368964086,23727866,-0.020226453762084984,1270.5970633370537,1303.7543992835303
2023-07-25,1229.425537109375,1239.0203294862108,1226.5569523456327,1233.4810641733905,12026020,-0.000643187255803146,1267.4978201729912,1303.7543992835303
2023-07-26,1249.4063720703125,1259.6936470475673,1229.029726310642,1229.029726310642,12911012,0.016252171732105358,1263.6009870256696,1303.7543992835303
2023-07-27,1237.7838134765625,1255.06933898356,1231.6758304667376,1253.2889256301971,17226898,-0.009302464637258923,1256.4949776785713,1303.7543992835303
2023-07-28,1250.2225341796875,1257.6412248805652,1236.7204929547063,1242.4081558253793,20827852,0.010049186754339967,1249.7703508649554,1303.7543992835303
2023-07-31,1260.8065185546875,1263.1062644351005,1245.3261593927457,1250.222567835286,8551174,0.008465680377409468,1244.7821393694196,1303.7543992835303
2023-08-01,1242.9769287109375,1265.6286894674379,1239.0697997346808,1263.6503718598296,9536632,-0.014141416292952513,1242.9769287109375,1303.7543992835303
2023-08-02,1229.697509765625,1242.383422770223,1218.4458286875906,1240.9985763343113,12748214,-0.010683560280627447,1242.9027448381696,1303.7543992835303
2023-08-03,1224.529052734375,1236.893537376658,1215.700883147937,1224.2323775511124,10168350,-0.004203031225325504,1242.2032470703125,1303.7543992835303
2023-08-04,1241.1717529296875,1244.3617658987635,1222.4024889169664,1235.8550243989196,22885610,0.013591102765711627,1241.0268729073662,1303.7543992835303
2023-08-07,1248.244384765625,1250.494624650405,1238.9215138972052,1246.834785043854,5982870,0.005698350626529347,1242.521240234375,1303.7543992835303
2023-08-08,1240.7264404296875,1253.486611833248,1236.2258407843067,1250.2965991690858,9844072,-0.0060228144646122805,1241.1646554129463,1303.7543992835303
2023-08-09,1248.911865234375,1250.7912910864598,1227.1009863432985,1238.8472469851743,11486586,0.006597284089354005,1239.4654192243304,1303.7543992835303
2023-08-10,1254.475830078125,1261.177404750792,1240.6276075945868,1248.788167272386,15470598,0.0044550500308568886,1241.108119419643,1303.7543992835303
2023-08-11,1259.767822265625,1265.5544976220099,1242.5565564009414,1252.4975295128647,22179330,0.004218488758902961,1245.4038783482142,1303.7543992835303
2023-08-14,1274.6546630859375,1277.1523130180672,1248.8128913733601,1255.737002454242,9575812,0.011817130551516453,1252.5646798270088,1303.7543992835303
2023-08-16,1273.6160888671875,1277.3996937112483,1261.672044700447,1261.672044700447,10203112,-0.0008147887022478262,1257.1995849609375,1303.7543992835303
2023-08-17,1255.2425537109375,1275.0752365265755,1252.695518025622,1269.6348629683328,13673744,-0.014426274382724147,1258.1993233816963,1303.7543992835303
2023-08-18,1264.5406494140625,1274.827925208279,1240.6771930744892,1251.9041214413387,18639978,0.007407409568482626,1261.601353236607,1303.7543992835303
2023-08-21,1250.74267578125,1268.3374245054665,1248.5836072167706,1260.6443643964944,9221746,-0.010911451236625624,1261.8628976004463,1303.7543992835303
2023-08-22,1250.44482421875,1259.6517042081298,1240.319812990251,1249.204008079304,7713044,-0.0002381397614932279,1261.2870396205358,1303.7543992835303
2023-08-23,1251.8345947265625,1262.0838090060652,1249.2288807667073,1252.8272476636503,9517952,0.0011114208967042405,1260.1537214006696,1303.7543992835303
2023-08-24,1230.7904052734375,1260.6195534341234,1226.4227081001463,1260.6195534341234,14140020,-0.016810678936159063,1253.8873988560267,1303.7543992835303
2023-08-25,1225.1075439453125,1243.2978613921046,1212.3271367872899,1218.9778633049934,22222400,-0.004617245392697478,1246.9576067243304,1303.7543992835303
2023-08-28,1212.897705078125,1232.87484375,1206.6192242506277,1226.9189266304347,12580826,-0.00996634044703304,1240.9083426339287,1303.7543992835303
2023-08-29,1201.2838134765625,1217.7121468384466,1195.2285336373561,1217.0173382536789,16876644,-0.009575326553045493,1231.8716517857142,1303.7543992835303
2023-08-30,1200.142333984375,1212.525656094156,1198.628513903965,1207.066064519438,12168946,-0.0009502163263850338,1224.643031529018,1303.7543992835303
2023-08-31,1194.6578369140625,1203.5917135507277,1191.133870437995,1202.5990605910981,21638600,-0.0045698721851635815,1216.6734619140625,1303.7543992835303
2023-09-01,1197.4619140625,1203.9141576589248,1192.0023233270636,1194.4343955405523,18112842,0.002347180139612881,1208.9059361049108,1303.7543992835303
2023-09-04,1196.494140625,1202.921543874001,1193.8140262826475,1197.4619529612135,9347626,-0.0008081872384706479,1204.0064697265625,1303.7543992835303
2023-09-05,1202.89697265625,1208.033879307401,1197.362859390741,1201.1101487589585,8675876,0.005351327527525873,1200.833530970982,1303.7543992835303
2023-09-06,1205.4281005859375,1209.125708635972,1199.745186611218,1201.6560920331103,8200370,0.002104193449001812,1199.7664446149554,1303.7543992835303
2023-09-07,1207.06591796875,1210.1679582595825,1196.6430625915527,1201.9537313347682,13652572,0.0013587018437817289,1200.5924595424108,1303.7543992835303
2023-09-08,1215.1064453125,1218.9778160313297,1202.5742018862823,1211.0365924741222,23109288,0.0066612164456441025,1202.730189732143,1303.7543992835303
2023-09-11,1228.20947265625,1229.326207160582,1216.9924464989115,1216.9924464989115,13271074,0.010783439915323711,1207.5232805524554,1303.7543992835303
2023-09-12,1210.4658203125,1232.3785847782628,1209.026400892418,1232.3785847782628,16255666,-0.01444676395906297,1209.3809814453125,1303.7543992835303
2023-09-13,1216.52099609375,1222.2783103355039,1204.2120756300537,1211.0365644667,12803338,0.005002351722485532,1212.2419607979912,1303.7543992835303
2023-09-14,1217.6376953125,1223.8417758931353,1213.5181615722684,1220.9630582690309,9209636,0.0009179448791560851,1214.3477783203125,1303.7543992835303
2023-09-15,1219.89599609375,1224.9336610195687,1215.7516218263509,1224.9336610195687,25468592,0.0018546574157023432,1216.4146205357142,1303.7543992835303
2023-09-18,1209.274658203125,1216.4962329024152,1207.0908701058952,1211.061482045193,7516300,-0.008706756907667312,1216.7301548549108,1303.7543992835303
2023-09-20,1182.3240966796875,1204.882232531632,1168.8488809798134,1202.623922773179,57081884,-0.022286551149168776,1212.0469621930804,1303.7543992835303
2023-09-21,1173.7127685546875,1186.269851496792,1171.3303774506073,1178.7504333612094,12226182,-0.007283390526491962,1204.26171875,1303.7543992835303
2023-09-22,1168.823974609375,1182.4729522811776,1166.367182863141,1179.2716708437545,19176786,-0.004165238784385572,1198.3128836495537,1303.7543992835303
2023-09-25,1161.6273193359375,1171.6779308453931,1158.9720452955405,1166.5657437194718,14254884,-0.0061571762983752,1190.4709298270088,1303.7543992835303
2023-09-26,1162.644775390625,1166.4664650387544,1159.2201711598175,1160.684310036077,10087782,0.0008758885382182946,1182.6147984095983,1303.7543992835303
2023-09-27,1175.747802734375,1177.1872222950064,1160.6595255350553,1163.1411580463555,11722778,0.011270017825820933,1176.3079136439733,1303.7543992835303
2023-09-28,1158.4757080078125,1182.7460248832851,1153.959088482433,1182.7460248832851,14518346,-0.014690305766588474,1169.0509207589287,1303.7543992835303
2023-09-29,1163.8856201171875,1175.847137006539,1158.475709840611,1162.2973995824232,12342014,0.004669853732779838,1166.4168526785713,1303.7543992835303
2023-10-03,1150.5592041015625,1159.2201982891547,1149.4921506176527,1156.4158809171215,8859056,-0.011449936132283511,1163.1092006138392,1303.7543992835303
2023-10-04,1148.5738525390625,1150.981084388904,1139.1189302205564,1146.0178196869251,10286386,-0.0017255535877011008,1160.2163260323662,1303.7543992835303
2023-10-05,1148.5491943359375,1156.1428927957072,1146.017880733707,1151.1052273242312,10953682,-2.1468539502689232e-05,1158.3480224609375,1303.7543992835303
2023-10-06,1150.4847412109375,1153.8597853939605,1147.5316229908371,1150.0132553057874,5431026,0.0016852102500659605,1156.610874720982,1303.7543992835303
2023-10-09,1140.6822509765625,1147.4818990309532,1139.0691900320726,1145.5711149238573,7576878,-0.008520313119544265,1151.6015101841517,1303.7543992835303
2023-10-10,1145.719970703125,1150.435072150941,1143.4121010954177,1144.8018394410437,10236032,0.004416409321920778,1149.779261997768,1303.7543992835303
2023-10-11,1163.910400390625,1166.2182699823193,1148.0031129607796,1148.7227620999727,9814118,0.015876854862132417,1149.7828020368304,1303.7543992835303
2023-10-12,1166.0693359375,1171.0078811502246,1160.485663265934,1163.3148210249558,12554450,0.0018548984063984086,1151.99853515625,1303.7543992835303
2023-10-13,1166.019775390625,1170.0896281233202,1156.0187245288932,1161.4039150831682,10150316,-4.250222979673701e-05,1154.4908098493304,1303.7543992835303
2023-10-16,1163.4140625,1168.6254903286665,1159.4186102633319,1163.885548402189,5929036,-0.002234707288520932,1156.6143624441963,1303.7543992835303
2023-10-17,1168.972900390625,1171.18152891328,1162.0491704758838,1169.3451452373686,7928180,0.00477803910903396,1159.2555280412946,1303.7543992835303
2023-10-18,1153.4627685546875,1174.8048077319042,1151.9737890772074,1168.9729714451066,8918320,-0.013268170571580029,1161.0813162667412,1303.7543992835303
2023-10-19,1144.603271484375,1152.37085365543,1142.0472385636656,1147.5068298823098,12032556,-0.007680782866891889,1160.9217878069196,1303.7543992835303
2023-10-20,1141.104248046875,1148.846868358942,1139.7145096810816,1141.5508934053469,8913312,-0.003056974870395357,1157.6637660435267,1303.7543992835303
2023-10-23,1123.2860107421875,1144.6528889030683,1119.340239652529,1136.5875839948083,7853962,-0.015614907520662857,1151.5518624441963,1303.7543992835303
2023-10-25,1120.680419921875,1132.2200112886635,1113.2603628260954,1116.7594889591046,11620688,-0.0023196147689855673,1145.0748116629463,1303.7543992835303
2023-10-26,1105.07080078125,1120.7050833883056,1101.993601137725,1117.2307983645155,15222534,-0.013928698015187257,1136.7400599888392,1303.7543992835303
2023-10-27,1124.5765380859375,1128.3982276638756,1109.761144511754,1111.7712909465938,11771084,0.0176511199924001,1130.3977225167412,1303.7543992835303
2023-10-30,1147.7550048828125,1153.9590859902871,1126.6362885582769,1128.6464350717906,16813304,0.020610839735573316,1129.5823277064733,1303.7543992835303
2023-10-31,1135.5452880859375,1155.4480281047179,1133.0636557231696,1155.4480281047179,12808438,-0.01063791204998632,1128.288330078125,1303.7543992835303
2023-11-01,1140.2603759765625,1150.236586425296,1129.2419526519689,1136.1656826268284,10309190,0.0041522675846532575,1128.1677769252233,1303.7543992835303
2023-11-02,1151.57666015625,1153.6116471680004,1145.4966608528325,1148.4746196953226,10562104,0.009924298360359796,1132.2092982700892,1303.7543992835303
2023-11-03,1151.3284912109375,1158.897469898072,1149.3680258840427,1155.0509397455937,8850156,-0.00021550362550659674,1136.5875941685267,1303.7543992835303
2023-11-06,1160.9075927734375,1161.4039192346488,1154.256866662586,1157.5822297180116,10647304,0.00832004213882076,1144.5642787388392,1303.7543992835303
2023-11-07,1153.3634033203125,1160.9572220726066,1151.2540159543112,1158.4507493206686,6960204,-0.006498527100767593,1148.6766880580358,1303.7543992835303
2023-11-08,1159.3690185546875,1161.9003321646271,1152.3460470752768,1157.4333936812945,7884494,0.005207045079708594,1150.3358328683037,1303.7543992835303
2023-11-09,1146.787109375,1159.3689122452765,1143.6353879313751,1159.344192861405,14513610,-0.010852376575814171,1151.9418073381696,1303.7543992835303
2023-11-10,1148.9461669921875,1149.6659373563402,1140.5831381668131,1144.3055869187945,7734954,0.0018827013309943297,1153.1826346261162,1303.7543992835303
2023-11-13,1148.79736328125,1153.7606282722284,1147.3579437297892,1152.9167762849927,3854810,-0.00012951321411958094,1152.7855922154017,1303.7543992835303
2023-11-15,1169.5684814453125,1172.2982770196893,1154.9516911953863,1161.4039352802765,12220648,0.018080750207099205,1155.3913051060267,1303.7543992835303
2023-11-16,1171.6778564453125,1178.3534231349859,1164.8533675821152,1166.9131951067154,13134910,0.0018035497993185157,1156.9299142020088,1303.7543992835303
2023-11-17,1169.121826171875,1177.9067803474445,1167.3846835483773,1167.8064883385834,7758634,-0.002181512827418408,1159.181117466518,1303.7543992835303
2023-11-20,1166.0445556640625,1170.5362129509904,1159.61703140789,1165.6474702823514,4490186,-0.00263212134007329,1160.134765625,1303.7543992835303
2023-11-21,1180.7109375,1185.227556641674,1171.4296571663483,1174.3083747965666,8214450,0.012577891440507694,1164.9810267857142,1303.7543992835303
2023-11-22,1185.3267822265625,1188.4288224829827,1177.3855591701267,1178.7752974396924,8534814,0.0039093774606135945,1170.178257533482,1303.7543992835303
2023-11-23,1188.9500732421875,1191.1835423841578,1185.3268657327444,1185.3268657327444,8531542,0.0030567865924862048,1175.9143589564733,1303.7543992835303
2023-11-24,1188.1558837890625,1192.474021001291,1186.7414260587238,1187.0144298509326,6749486,-0.0006679754440481744,1178.5697021484375,1303.7543992835303
2023-11-28,1188.404052734375,1191.034607263244,1178.899449291774,1188.1558894990753,13792174,0.00020886901180094952,1180.9591587611608,1303.7543992835303
2023-11-29,1191.5308837890625,1197.1145563492605,1190.2156671664848,1195.1540911072586,12531306,0.0026311177982716316,1184.1604527064733,1303.7543992835303
2023-11-30,1179.9913330078125,1191.530923348677,1176.2440439527552,1188.5529645510346,28439984,-0.00968464262088975,1186.1528494698662,1303.7543992835303
2023-12-01,1188.3544921875,1189.3967050711567,1180.0658643673892,1180.2643464861462,14342842,0.007087475090490347,1187.2447858537946,1303.7543992835303
2023-12-04,1201.2093505859375,1215.9999042684663,1190.4887710727894,1215.9999042684663,15590990,0.010817360041088797,1189.5137241908483,1303.7543992835303
2023-12-05,1209.919921875,1211.4585824899339,1201.929016778731,1210.5403299982054,12693624,0.007251501401328131,1192.5094168526787,1303.7543992835303
2023-12-06,1221.5091552734375,1227.3905513904704,1208.5549856031337,1214.560584514323,16422442,0.009578512750230361,1197.274169921875,1303.7543992835303
2023-12-07,1219.4989013671875,1221.4345260102064,1212.0291642243994,1220.9630401277734,8142096,-0.0016457133354845777,1201.7162911551338,1303.7543992835303
2023-12-08,1218.8536376953125,1229.2516522307412,1213.5181285411948,1222.8739302715144,10204894,-0.0005291219788321477,1205.6195417131696,1303.7543992835303
2023-12-11,1220.6405029296875,1224.7351961410227,1217.1909371644088,1218.9777608532804,7066138,0.00146602116867256,1211.4265659877233,1303.7543992835303
2023-12-12,1203.1201171875,1223.4198198791,1201.1843713898427,1220.9630282642331,9197124,-0.014353436331283831,1213.5359409877233,1303.7543992835303
2023-12-13,1208.03369140625,1210.2176004047437,1194.3103140708777,1202.102614795848,10031182,0.0040840263150419,1214.5108468191963,1303.7543992835303
2023-12-14,1223.0228271484375,1228.3831772791464,1212.3518080035872,1217.9851619285064,16972354,0.012407878893459401,1216.3826904296875,1303.7543992835303
2023-12-15,1238.63232421875,1240.8161121066785,1225.9511593183302,1229.8969303201395,15932152,0.012763046382958443,1218.828857421875,1303.7543992835303
2023-12-18,1251.239013671875,1258.1379030406688,1236.3243792186838,1238.6323699765335,14165188,0.010177910915635469,1223.3631591796875,1303.7543992835303
2023-12-19,1269.6527099609375,1277.4945707453207,1253.3234974409622,1268.1140495332209,16820604,0.01471637000434134,1230.6201695033483,1303.7543992835303
2023-12-20,1254.2913818359375,1289.8780864366483,1250.7426960684581,1276.080186427869,17736722,-0.012098842466514048,1235.4274379185267,1303.7543992835303
2023-12-21,1271.8614501953125,1277.2962009364337,1249.8741628164655,1254.2170195322976,13765454,0.014007963870131368,1245.2476283482142,1303.7543992835303
2023-12-22,1273.102294921875,1280.9689971307214,1264.4661412408368,1270.3973397701047,16541784,0.0009756131270208801,1254.5431431361608,1303.7543992835303
2023-12-26,1279.554443359375,1286.453332624264,1271.935783794956,1274.5663382448713,7465664,0.0050680518472365765,1262.6190883091517,1303.7543992835303
2023-12-27,1283.9222412109375,1290.3992050276352,1277.0977519092014,1281.5150092423955,9204156,0.003413530291134226,1269.089076450893,1303.7543992835303
2023-12-28,1293.2034912109375,1296.4047727896045,1283.922210219302,1285.38634910855,12302636,0.007228825626734547,1275.0840018136162,1303.7543992835303
2023-12-29,1282.97900390625,1297.3973111899322,1280.1748079960485,1295.958012986606,10864584,-0.007906325163964278,1276.987758091518,1303.7543992835303
2024-01-01,1285.609619140625,1293.848686885263,1277.1223881648045,1280.7952766903763,4030540,0.002050396168889357,1281.4617919921875,1303.7543992835303
2024-01-02,1296.255859375,1297.8937610136477,1277.0480485996618,1283.0039664322292,7448800,0.008281083212096307,1284.9467075892858,1303.7543992835303
2024-01-03,1282.16015625,1307.3238832997818,1279.132516403198,1295.412048372221,9037536,-0.010874167335911844,1286.240687779018,1307.3238832997818
2024-01-04,1288.7860107421875,1295.337616733607,1280.0755785995668,1284.4928354763001,9612778,0.005167727650784659,1287.5594831194196,1307.3238832997818
2024-01-05,1294.2705078125,1300.3009471094986,1289.456165302221,1291.8881165287519,8086406,0.004255552919257832,1289.037806919643,1307.3238832997818
2024-01-08,1284.1702880859375,1306.3063750382337,1275.0378087074926,1295.4120337021336,7734652,-0.007803793461718667,1287.747349330357,1307.3238832997818
2024-01-09,1280.7705078125,1293.8239187379374,1279.1326061603381,1290.448874370277,5403074,-0.0026474528378201967,1287.431849888393,1307.3238832997818
2024-01-10,1315.3148193359375,1319.7320764251056,1278.0654937339266,1279.0333061103788,11102740,0.02697150762976075,1291.6754499162946,1319.7320764251056
2024-01-11,1349.9088134765625,1352.489686993197,1318.7394856296971,1319.7321386109766,23725852,0.026300923271046495,1299.3401576450892,1352.489686993197
2024-01-12,1360.6541748046875,1363.2350482099334,1335.8626919019084,1349.9087552154863,15012164,0.007960064576844506,1310.5535888671875,1363.2350482099334
2024-01-15,1383.88232421875,1386.1901939086483,1355.9639593887296,1364.897836134336,8610594,0.01707131014197394,1324.1387765066963,1386.1901939086483
2024-01-16,1364.5255126953125,1386.0413130880693,1360.4308194226976,1379.7627106993223,9069024,-0.013987324778040766,1334.1752057756696,1386.1901939086483
2024-01-17,1351.5712890625,1376.0898877655304,1345.0694854389078,1349.511582817391,12197382,-0.00949357378245308,1343.803920200893,1386.1901939086483
2024-01-18,1357.8995361328125,1360.92717605878,1341.3222805612156,1341.4712027363942,10279438,0.00468214079532725,1354.8223528180804,1386.1901939086483
2024-01-19,1357.4031982421875,1365.890429247957,1349.015329468004,1365.890429247957,10422704,-0.00036551886013491686,1360.8349783761162,1386.1901939086483
2024-01-23,1318.8138427734375,1361.6716823004633,1312.8332056966303,1361.6716823004633,20055420,-0.028428808417957585,1356.3928397042412,1386.1901939086483
2024-01-24,1334.00146484375,1339.5851376107455,1314.1980872328543,1325.4149927095905,21919128,0.011516122729174016,1352.5853097098213,1386.1901939086483
2024-01-25,1343.1337890625,1354.1274927557365,1325.390118278632,1333.0831783387705,11808872,0.00684581273665974,1346.7640904017858,1386.1901939086483
2024-01-29,1437.4111328125,1441.8283899094502,1350.1817560391485,1354.474931519067,23893438,0.07019207209119882,1357.1763218470983,1441.8283899094502
2024-01-30,1397.2830810546875,1449.2484377227322,1394.1066401470152,1449.2235971647833,14093978,-0.02791689228070482,1363.706577845982,1449.2484377227322
2024-01-31,1416.1435546875,1423.7125336444733,1392.195801594125,1393.6847810610707,15130226,0.01349796178636642,1372.0271519252233,1449.2484377227322
2024-02-01,1416.1683349609375,1432.745590517861,1407.631543948549,1424.4569627393994,13349362,1.7498419108363805e-05,1380.4221714564733,1449.2484377227322
2024-02-02,1446.9901123046875,1464.0638152243819,1422.6453963923934,1422.6453963923934,19652588,0.021764204567248813,1398.7330671037946,1464.0638152243819
2024-02-05,1428.452392578125,1459.6961190035063,1421.007495677393,1450.0177530325548,8814432,-0.012811227643454104,1412.2260567801338,1464.0638152243819
2024-02-06,1417.309814453125,1431.2565145548228,1409.3933108861847,1431.2565145548228,9047984,-0.007800454661908263,1422.8226318359375,1464.0638152243819
2024-02-07,1431.554443359375,1438.8504181404362,1418.7491963623445,1425.3752031215413,9296568,0.010050469389959238,1421.9859619140625,1464.0638152243819
2024-02-08,1439.4708251953125,1448.752105824393,1417.0368932886952,1439.3467435794867,14694634,0.005529920201540195,1428.0127825055804,1464.0638152243819
2024-02-09,1450.0177001953125,1461.1602045826953,1440.2896534634558,1443.31729322881,12556798,0.007326911261691604,1432.8519461495537,1464.0638152243819
2024-02-12,1441.679443359375,1450.2659153474917,1431.7529141646626,1450.017752117624,6674430,-0.005750451759874653,1436.4963902064733,1464.0638152243819
2024-02-13,1454.3358154296875,1468.1337156942297,1443.3173918995335,1444.8063713272154,7715594,0.008778908604551328,1437.5457763671875,1468.1337156942297
2024-02-14,1470.4912109375,1472.749520552248,1446.7916226083244,1446.7916226083244,7117888,0.011108435435896347,1443.5513218470983,1472.749520552248
2024-02-15,1459.7952880859375,1473.8165098910026,1455.750276105359,1472.4516121931645,10006782,-0.0072737074332756,1449.6206752232142,1473.8165098910026
2024-02-16,1449.843994140625,1466.1483668657747,1447.8339689108675,1465.6271998466532,9767498,-0.006816910580907831,1452.2334681919642,1473.8165098910026
2024-02-19,1463.17041015625,1468.6300012389227,1442.8458657695369,1451.3082561823699,6729828,0.009191620663659084,1455.6191231863838,1473.8165098910026
2024-02-20,1460.2174072265625,1464.659505178025,1451.0602075132595,1464.1880192365334,7117496,-0.002018222149101634,1457.0762241908483,1473.8165098910026
2024-02-21,1456.916748046875,1477.5888193115914,1446.8414171157522,1463.170510366537,12720292,-0.002260388873158603,1459.2529820033483,1477.5888193115914
2024-02-22,1470.8634033203125,1474.0398440634356,1447.2878974462733,1457.3633484018678,18493728,0.009572719437904942,1461.6140659877233,1477.5888193115914
2024-02-23,1482.6512451171875,1486.5474563697878,1472.4517119404402,1478.556551746289,14438584,0.00801423284464442,1463.3512137276787,1486.5474563697878
2024-02-26,1476.3974609375,1483.5446346905887,1471.607959051116,1482.5768223248915,7513106,-0.004217973849401924,1465.7229527064733,1486.5474563697878
2024-02-27,1474.73486328125,1488.9297276070065,1467.1907251784094,1472.1291493159843,10826044,-0.001126117932493731,1469.2787911551338,1488.9297276070065
2024-02-28,1444.930419921875,1480.3185210789975,1439.5205099276588,1472.1042938560004,8647950,-0.020210035106284052,1466.6730782645088,1488.9297276070065
2024-02-29,1450.0675048828125,1468.1088998815815,1443.8385832706604,1454.2365988812116,23628976,0.0035552472908801924,1465.2230922154017,1488.9297276070065
2024-03-01,1481.1622314453125,1488.979373154373,1451.7548888255137,1452.7475417409498,12132926,0.021443640697963895,1468.686732700893,1488.979373154373
2024-03-04,1496.3250732421875,1501.337897909408,1476.2982516112518,1479.5243736818861,10024420,0.010237124249434348,1472.3241141183037,1501.337897909408
2024-03-05,1489.1778564453125,1496.3250301461744,1475.1319146195472,1494.7119691573153,7107668,-0.0047765134225737915,1473.2564871651787,1501.337897909408
2024-03-06,1491.9573974609375,1497.9133152152726,1467.6373999640691,1482.4775132325713,7805676,0.0018664936519132702,1475.4793352399554,1501.337897909408
2024-03-07,1468.059326171875,1492.056638756749,1464.7091224345347,1491.9325571368477,8315726,-0.016017931430034826,1474.5256870814733,1501.337897909408
2024-03-11,1455.82470703125,1478.060156044582,1452.7475073010382,1478.060156044582,11277130,-0.00833387242770911,1476.0820138113838,1501.337897909408
2024-03-12,1464.5850830078125,1477.0676458601295,1454.2614676999044,1455.8248476863198,9432678,0.006017466206097666,1478.1559535435267,1501.337897909408
2024-03-13,1421.6527099609375,1472.2034859914554,1417.2850129833478,1468.9029635812572,13522134,-0.029313676306674474,1469.6545933314733,1501.337897909408
2024-03-14,1420.9578857421875,1437.882667347047,1415.0268084821887,1429.1224321842872,18571102,-0.0004887439906255953,1458.8878522600446,1501.337897909408
2024-03-15,1407.80517578125,1422.694969713975,1402.5193474045138,1415.4733954219128,19223818,-0.009256227853697174,1447.26318359375,1501.337897909408
2024-03-18,1428.8990478515625,1431.1325169373013,1406.1177116464064,1409.5671563330236,9169392,0.014983516493044968,1438.254847935268,1501.337897909408
2024-03-19,1414.778564453125,1427.0378036957165,1406.8373411480031,1418.252849649116,8275764,-0.009882072088765459,1430.643310546875,1501.337897909408
2024-03-20,1433.142578125,1434.3833942099568,1413.5625245390722,1417.458614341769,8488806,0.012980132816030832,1427.4030064174108,1501.337897909408
2024-03-21,1440.3145751953125,1447.1887452733042,1434.060934378195,1441.8532357214951,13006936,0.005004384894973679,1423.935791015625,1501.337897909408
2024-03-22,1444.3348388671875,1449.2732629085037,1436.716179238339,1439.321893152815,19527608,0.0027912400118077496,1427.1760951450892,1501.337897909408
2024-03-26,1430.983642578125,1441.7291835759677,1428.4276096750873,1434.3835274360674,11415906,-0.009243837322053361,1428.6083461216517,1501.337897909408
2024-03-27,1481.8819580078125,1488.9794509587407,1436.368843691532,1437.3614966588377,16326644,0.03556876117604446,1439.1907435825892,1501.337897909408
2024-03-28,1474.933349609375,1494.8856495085238,1467.786296896486,1481.90676076149,21854364,-0.00468904311904772,1445.7670724051338,1501.337897909408
2024-04-01,1473.8663330078125,1482.9986918329437,1471.6080232736622,1481.509712382751,5013880,-0.0007234337753940778,1454.2081821986608,1501.337897909408
2024-04-02,1476.025146484375,1483.0233977342266,1464.1629930776332,1473.0968689675985,8910166,0.0014647281291491066,1460.334263392857,1501.337897909408
2024-04-03,1460.7880859375,1473.5436523631188,1458.1079713887636,1471.186101560143,7008292,-0.010323035879955644,1463.2590506417412,1501.337897909408
2024-04-04,1452.1768798828125,1468.878217464342,1439.3467919062653,1468.878217464342,14490272,-0.005894904358534014,1464.3793422154017,1501.337897909408
2024-04-05,1449.3724365234375,1459.9938949751336,1445.3025839763254,1450.1417667351745,7442298,-0.0019311995654422986,1467.006312779018,1501.337897909408
2024-04-08,1475.057373046875,1480.0206375610207,1450.2658910334067,1452.226356281804,8357118,0.01772141919922743,1466.0313720703125,1501.337897909408
2024-04-09,1452.896484375,1478.8543827139295,1451.7549092714805,1478.060211901015,7071414,-0.015023746924568426,1462.8832484654017,1501.337897909408
2024-04-10,1468.7044677734375,1476.0749645358123,1455.5766564963697,1455.5766564963697,9138330,0.010880323249758295,1462.1458391462054,1501.337897909408
2024-04-12,1456.3707275390625,1475.5536963762681,1452.3255942645226,1465.031599863232,15551012,-0.008397700493873339,1459.3380650111608,1501.337897909408
2024-04-15,1454.062744140625,1471.2356878788278,1435.6986653849476,1450.2658952456557,12902062,-0.00158474992307589,1458.3773018973213,1501.337897909408
2024-04-16,1454.9810791015625,1460.3662698899807,1440.265047408789,1442.6721581376476,9366184,0.0006315648789145811,1458.7779017857142,1501.337897909408
2024-04-18,1453.56640625,1475.0822062813913,1448.6279823176308,1452.7475160786112,19005692,-0.0009722963905730575,1459.3770403180804,1501.337897909408
2024-04-19,1459.323974609375,1463.1705049395248,1432.4231028577299,1446.0720814485837,15741778,0.003960994375364457,1457.1294119698662,1501.337897909408
2024-04-22,1468.9774169921875,1471.9305352298081,1457.0160218672338,1461.6317610616636,10350362,0.006615009792733995,1459.4266880580358,1501.337897909408
2024-04-23,1448.603271484375,1482.5272357774581,1444.8561033979943,1468.1337674689391,14605554,-0.013869611113239366,1456.5550885881696,1501.337897909408
2024-04-24,1439.5205078125,1457.7605053579202,1438.8504186169605,1452.7475596039474,10462776,-0.006270014606944763,1454.147914341518,1501.337897909408
2024-04-25,1449.2484130859375,1457.189636393573,1430.9091747445573,1431.9018276580116,15943926,0.006757739970109977,1453.4601527622767,1501.337897909408
2024-04-26,1441.878173828125,1454.2366552962403,1439.346860190818,1453.1943211694756,9413848,-0.0050855596537233705,1451.5883091517858,1501.337897909408
2024-04-29,1454.2613525390625,1457.1152296530197,1439.3467183436048,1439.3467183436048,7247974,0.008588228142784482,1451.6875871930804,1501.337897909408
2024-04-30,1456.2218017578125,1472.178648628076,1452.1271085524606,1457.2144546560796,11474262,0.0013480721435161769,1451.244419642857,1501.337897909408
2024-05-02,1455.7752685546875,1466.4710074185996,1453.368036621592,1461.185178797564,14512646,-0.00030663818010823185,1449.3583984375,1501.337897909408
2024-05-03,1423.46435546875,1464.1134460205978,1405.7455242326487,1460.1925152681529,17226958,-0.02219498694878652,1445.767124720982,1501.337897909408
2024-05-06,1409.095703125,1429.4202480421582,1407.5818831415143,1424.9533097670264,7394208,-0.010094142707927745,1441.4207240513392,1501.337897909408
2024-05-07,1391.17822265625,1410.311631866643,1381.772860502106,1405.571689953147,14517472,-0.012715588039204029,1433.1249825613838,1501.337897909408
2024-05-08,1408.1279296875,1422.4220356245855,1387.2325360419566,1387.2325360419566,9439002,0.012183706411740047,1428.3035191127233,1501.337897909408
2024-05-09,1383.88232421875,1413.2896685063718,1379.787630710347,1402.6186490602306,11009612,-0.017218325805192114,1418.2493722098213,1501.337897909408
2024-05-10,1397.0845947265625,1399.6406275450738,1377.8766636438304,1386.4879762578594,10505096,0.009540023943340525,1409.8011997767858,1501.337897909408
2024-05-13,1392.394287109375,1396.6379028351905,1373.8317248456565,1389.6149314683873,8456620,-0.0033572108910882026,1400.7467738560267,1501.337897909408
2024-05-14,1409.6414794921875,1416.590049599915,1389.738862101979,1390.6818338615062,7188300,0.012386715848007324,1398.7720772879463,1501.337897909408
2024-05-15,1405.86962890625,1419.468926315315,1402.6435067088078,1410.063563528233,5046534,-0.002675751700564555,1398.3112095424108,1501.337897909408
2024-05-16,1414.8778076171875,1417.0120356183081,1387.75361519461,1408.1278405018506,14711774,0.006407549125266865,1401.6968645368304,1501.337897909408
2024-05-17,1425.15185546875,1426.6408349602225,1402.8668442157614,1412.5948920294334,10916476,0.007261438264315689,1404.1288539341517,1501.337897909408
2024-05-21,1425.57373046875,1431.231803864575,1415.1260338425998,1415.1260338425998,11176128,0.0002960210860205592,1410.0847691127233,1501.337897909408
2024-05-22,1449.9185791015625,1457.9838844507517,1425.7226630539947,1425.7226630539947,10281604,0.01707722870623285,1417.6324811662946,1501.337897909408
2024-05-23,1475.1319580078125,1481.2615172416956,1444.3100355832012,1447.8340020088174,14608260,0.017389513638671694,1429.4521484375,1501.337897909408
2024-05-24,1469.37451171875,1477.5638984586112,1465.2549777906743,1472.724715385057,7094776,-0.003903004241625929,1437.9854387555804,1501.337897909408
2024-05-27,1455.4774169921875,1473.990419113941,1450.8119965034373,1469.3497180106694,6629010,-0.009457830264325784,1445.072265625,1501.337897909408
2024-05-28,1445.5010986328125,1467.6373066821805,1442.0764946111178,1457.2144512745626,7820162,-0.006854327138920202,1449.447021484375,1501.337897909408
2024-05-29,1430.1895751953125,1447.287997987601,1427.8815843874524,1435.8724890871501,7383556,-0.010592536700236299,1450.1666957310267,1501.337897909408
2024-05-30,1414.3814697265625,1429.817270893488,1409.6663684202383,1424.9532474164846,13206858,-0.011053153891567913,1448.5678013392858,1501.337897909408
2024-05-31,1419.8907470703125,1431.653659822201,1411.800601617005,1420.7841589242364,31069832,0.003895184900022164,1444.278111049107,1501.337897909408
2024-06-03,1499.228515625,1503.3728901534053,1448.2806515244756,1472.1043222829317,21527942,0.055875967019565875,1447.7204764229912,1503.3728901534053
2024-06-04,1387.0091552734375,1487.0437791255476,1349.3131842665355,1487.0437791255476,36709098,-0.07485140469382034,1435.9539969308037,1503.3728901534053
2024-06-05,1410.3116455078125,1420.6352601794422,1373.9308915121778,1411.5524616660985,17464890,0.016800530945147996,1429.501743861607,1503.3728901534053
2024-06-06,1421.0819091796875,1433.0929853880773,1410.9072166555904,1424.4569533735907,17855722,0.007636796949228142,1426.0132882254463,1503.3728901534053
2024-06-07,1459.1500244140625,1461.1850112482903,1416.0193060772324,1418.004611799037,18558696,0.026788121774310447,1430.1504952566963,1503.3728901534053
2024-06-10,1460.5894775390625,1482.3781598703026,1457.2888339961758,1459.150058153404,9251760,0.0009865011142895508,1436.7516392299108,1503.3728901534053
2024-06-11,1445.9727783203125,1462.847878399236,1443.9874724286744,1458.20717740815,11774902,-0.010007397316991185,1440.4776436941963,1503.3728901534053
2024-06-12,1452.5738525390625,1465.1557773484808,1444.4838278075101,1446.7916974833406,10081742,0.00456514418370868,1433.8126918247767,1503.3728901534053
2024-06-13,1454.4847412109375,1461.433311890669,1449.3725542618724,1461.1851486521073,9181160,0.0013155191170037828,1443.4520612444196,1503.3728901534053
2024-06-14,1466.6944580078125,1468.8038455887872,1446.518713499826,1459.199879544848,8157998,0.008394530689067148,1451.5067487444196,1503.3728901534053
2024-06-18,1470.1439208984375,1476.4720837189377,1460.5399547367645,1476.4224025999808,7196766,0.0023518619517457484,1458.5156075613838,1503.3728901534053
2024-06-19,1447.9332275390625,1476.571240472528,1445.3026730272272,1476.571240472528,8725874,-0.015107836072132064,1456.9132080078125,1503.3728901534053
2024-06-20,1462.8726806640625,1471.9554798675892,1439.446094050177,1448.280730003189,16113776,0.010317777671551509,1457.2393798828125,1503.3728901534053
2024-06-21,1443.515869140625,1463.8652545834836,1429.9909727182371,1462.7982011333013,31170360,-0.01323205483244827,1456.888392857143,1503.3728901534053
2024-06-24,1430.88427734375,1438.8503408924523,1426.9385064042085,1434.9045699529108,8878386,-0.008750573559260566,1453.7898821149554,1503.3728901534053
2024-06-25,1443.46630859375,1445.2282918111714,1430.4128980926341,1432.3982039886682,7045386,0.008793185758779076,1452.2158203125,1503.3728901534053
2024-06-26,1502.9013671875,1507.8149506909176,1434.5075565031482,1435.425808927042,22014882,0.0411752309284259,1457.3882359095983,1507.8149506909176
2024-06-27,1519.304931640625,1526.2038207675607,1494.9352546835423,1502.6283145931025,28383030,0.010914598130828956,1464.4112374441963,1526.2038207675607
2024-06-28,1553.89892578125,1569.3842873036351,1519.7764812043604,1519.7764812043604,28957336,0.02276961880408601,1479.5491943359375,1569.3842873036351
2024-07-01,1548.6875,1567.7960689891884,1544.2454023527885,1551.0450507194453,7724306,-0.0033537739776928754,1491.8084542410713,1569.3842873036351
2024-07-02,1553.6756591796875,1561.9394466769938,1545.5606726889605,1557.968834801107,7749246,0.0032208945831146973,1507.5455671037946,1569.3842873036351
2024-07-03,1541.019287109375,1563.4283787351976,1531.440162014497,1554.8170660210362,9049620,-0.0081460837695011,1523.2791399274554,1569.3842873036351
2024-07-04,1542.6075439453125,1555.983518377374,1539.4062623766438,1545.5606622734106,6837176,0.001030653444264562,1537.442173549107,1569.3842873036351
2024-07-05,1576.9532470703125,1586.755694667964,1536.6267221432645,1542.4088769403465,12269710,0.022264705796238182,1548.0210135323662,1586.755694667964
2024-07-08,1589.13818359375,1596.9801663885871,1570.898185044045,1577.3255888697254,9500806,0.0077268850843073,1557.9971923828125,1596.9801663885871
2024-07-09,1578.5911865234375,1588.7410386525216,1568.887979750272,1585.8623208770043,6960002,-0.006636928858169577,1561.524658203125,1596.9801663885871
2024-07-10,1572.5855712890625,1585.7630632323035,1551.6654591589945,1583.2814308954767,7134578,-0.003804414522040611,1564.9386683872767,1596.9801663885871
2024-07-11,1569.036865234375,1592.4634499565013,1558.9614138424095,1575.8365135146928,11940946,-0.002256606012083995,1567.1331263950892,1596.9801663885871
2024-07-12,1584.9937744140625,1593.3569240772113,1562.9320865975437,1572.8586162043875,12924784,0.010169875248472238,1573.4151960100446,1596.9801663885871
2024-07-15,1585.4901123046875,1594.0517441522056,1573.8512804915936,1592.6620057625546,5329688,0.00031314816413607893,1579.5412772042412,1596.9801663885871
2024-07-16,1564.669189453125,1588.24469666931,1557.5965372882695,1581.792452589091,9386838,-0.01313216821093699,1577.786411830357,1596.9801663885871
2024-07-18,1575.0177001953125,1582.1895936713806,1546.3795650620239,1564.4210812674708,12298374,0.006613864970271832,1575.7691999162946,1596.9801663885871
2024-07-19,1543.7242431640625,1578.293333314245,1541.3915329908289,1574.3475621142547,13140390,-0.019868638319029297,1570.7882080078125,1596.9801663885871
2024-07-22,1489.6495361328125,1526.203933085127,1488.2597977476694,1525.9557698439748,19674376,-0.03502873474372403,1558.9402029854912,1596.9801663885871
2024-07-23,1476.96826171875,1494.6870915999891,1452.2511804820083,1489.9719903646578,18052044,-0.008512924756103102,1545.7875453404017,1596.9801663885871
2024-07-24,1484.7109375,1498.4095963901725,1465.552808673545,1474.0895996286229,11913362,0.005242276345356123,1531.46142578125,1596.9801663885871
2024-07-25,1481.4351806640625,1489.4508041915794,1466.2227025912728,1470.1189136102262,12519876,-0.0022063263314091586,1516.596435546875,1596.9801663885871
2024-07-26,1497.9381103515625,1501.3131545447015,1479.4002684339398,1481.4352554076795,9859940,0.011139825692611405,1507.0634242466517,1596.9801663885871
2024-07-29,1508.9317626953125,1516.2774189432153,1500.6679751498336,1500.8416167163412,7538550,0.00733918996237426,1497.6225760323662,1596.9801663885871
2024-07-30,1502.03271484375,1513.795627121447,1498.9058340677934,1505.8792447159437,8228208,-0.004572140385751489,1491.6666434151787,1596.9801663885871
2024-07-31,1494.364501953125,1499.3524857083617,1490.1208866802617,1492.9499231376883,10057346,-0.005105223617864252,1492.3402099609375,1596.9801663885871
2024-08-01,1504.1671142578125,1506.8472288436842,1493.2479314401046,1500.8913109431162,10764222,0.006559719728269409,1496.2257603236608,1596.9801663885871
2024-08-02,1488.3092041015625,1498.2357327232485,1482.3037269895096,1493.9425575637474,10268248,-0.01054265181437275,1496.7397984095983,1596.9801663885871
2024-08-05,1436.6912841796875,1472.9976360481728,1422.7197433328897,1469.1262655731218,17046704,-0.03468225539398906,1490.3478131975446,1596.9801663885871
2024-08-06,1445.3524169921875,1466.6447748995176,1440.6620347326755,1444.4590050773538,10236186,0.006028527428176833,1482.8355712890625,1596.9801663885871
2024-08-07,1454.062744140625,1461.6814036613468,1450.7622216985117,1458.2071184913539,8174568,0.006026438290091196,1474.9971400669642,1596.9801663885871
2024-08-08,1438.478271484375,1454.2366377811502,1435.3018303695276,1446.816580877676,12387192,-0.010717881823910314,1465.917933872768,1596.9801663885871
2024-08-09,1463.46826171875,1465.6520496932055,1445.3026646483625,1449.2732763644294,6249776,0.017372518396532755,1461.504185267857,1596.9801663885871
2024-08-12,1449.8936767578125,1462.1777566892652,1447.0397996020206,1459.199797918004,8184584,-0.009275626479931298,1453.7508370535713,1596.9801663885871
2024-08-13,1452.8717041015625,1459.2742672925806,1447.28803114191,1450.0178268110735,6265064,0.0020539625708344555,1448.6883370535713,1596.9801663885871
2024-08-14,1451.1097412109375,1461.1851932386814,1443.0195951522678,1452.7973239887267,6267466,-0.001212744997132864,1450.7481166294642,1596.9801663885871
2024-08-16,1467.339599609375,1469.5235088888628,1447.3377388233519,1457.8598362701878,9416902,0.011184445901998963,1453.8891427176338,1596.9801663885871
2024-08-19,1482.4791259765625,1492.3397678065596,1474.6105280885965,1476.6025720306277,13797742,0.01031767040923448,1457.9486258370537,1596.9801663885871
2024-08-20,1489.9990234375,1497.9423959482733,1484.0976661921165,1491.268975771349,8411808,0.005072514903698089,1465.3087332589287,1596.9801663885871
2024-08-21,1492.7132568359375,1501.8766102174725,1484.072717714687,1487.30978907883,7769996,0.0018216343472330365,1469.4865897042412,1596.9801663885871
2024-08-22,1492.1654052734375,1500.5070892244864,1484.720165407205,1497.0210123494212,10445782,-0.0003670172821144124,1475.5254080636162,1596.9801663885871
2024-08-23,1494.008056640625,1505.3128818837536,1492.4642955105633,1497.768063961028,9249654,0.001234884122548019,1481.4020298549108,1596.9801663885871
2024-08-26,1506.5828857421875,1516.941539085057,1497.021098650585,1500.9802618699923,8816114,0.008416841559635069,1489.3267647879463,1596.9801663885871
2024-08-27,1494.481201171875,1507.4544123852302,1493.485179145279,1504.4912711730515,6251156,-0.008032538192779826,1493.204136439732,1596.9801663885871
2024-08-28,1492.33984375,1501.4782728482842,1487.0608784010915,1499.0131426615155,9610286,-0.001432843330646083,1494.6128104073662,1596.9801663885871
2024-08-29,1514.874755859375,1530.885760314005,1488.0568158159556,1497.1205913811584,38335358,0.01510038896552457,1498.1664864676338,1596.9801663885871
2024-08-30,1503.6197509765625,1533.599989641746,1497.3447635789732,1527.89778785993,41620730,-0.007429660332829102,1499.7245570591517,1596.9801663885871
2024-09-02,1510.2183837890625,1520.7264647058682,1500.6316718721823,1504.8647654458696,11240852,0.004388498360848425,1502.3035539899554,1596.9801663885871
2024-09-03,1503.1217041015625,1516.941509382377,1501.5031683479538,1515.1984708784905,10923800,-0.004699108263862328,1503.605503627232,1596.9801663885871
2024-09-04,1508.525146484375,1511.4633627071519,1493.534966971581,1494.7301447200666,11983304,0.003594813625582116,1503.8829694475446,1596.9801663885871
2024-09-05,1487.035888671875,1519.7054581926027,1481.1345314015284,1513.0072347057646,16264168,-0.01424521020586289,1502.8193533761162,1596.9801663885871
2024-09-06,1458.997802734375,1491.0448575756723,1455.8105811316245,1486.5627588054047,19394228,-0.018855016312041895,1498.0562046595983,1596.9801663885871
2024-09-09,1456.63232421875,1464.07768593117,1449.809597840599,1460.666261949736,9010298,-0.00162130368612734,1489.7358572823662,1596.9801663885871
2024-09-10,1455.7110595703125,1466.1942153054945,1451.7766997689328,1454.6901127162012,10768260,-0.0006324620380312451,1482.8917585100446,1596.9801663885871
2024-09-11,1445.7259521484375,1462.9073318760024,1441.7917138302157,1457.2300550346945,9760202,-0.006859264657110176,1473.6785539899554,1596.9801663885871
2024-09-12,1473.913330078125,1480.088617533546,1440.1232367942907,1451.2039809867947,22349376,0.01949704083806436,1469.5059291294642,1596.9801663885871
2024-09-13,1466.766845703125,1477.2500011980833,1463.6542770635715,1470.5268529366479,8711328,-0.004848646273265755,1463.5404575892858,1596.9801663885871
2024-09-16,1465.4969482421875,1475.0090069946318,1458.9232273463058,1471.6723576050656,5481774,-0.0008657800417685158,1460.4634660993304,1596.9801663885871
2024-09-17,1466.4432373046875,1471.5975781970765,1460.790763828237,1468.1364260685732,5935328,0.000645712066227766,1461.527099609375,1596.9801663885871
2024-09-18,1457.6282958984375,1476.10455198121,1454.7399294679985,1464.1522884024148,8574714,-0.006011103043068844,1461.6693812779017,1596.9801663885871
2024-09-19,1463.82861328125,1470.6264144806405,1449.7598031867433,1460.4171894563083,16955902,0.00425370267595615,1462.8290318080358,1596.9801663885871
2024-09-20,1480.0140380859375,1489.0528890965668,1465.5218693608433,1468.136427109257,30897320,0.011056912440321032,1467.727329799107,1596.9801663885871
2024-09-23,1487.434326171875,1495.5270047691104,1483.026880271187,1485.0687739665293,8832314,0.005013660610634352,1469.658900669643,1596.9801663885871
2024-09-24,1483.4501953125,1494.530939532627,1481.9561623839436,1482.5786761041754,17137444,-0.002678525558589717,1472.042236328125,1596.9801663885871
2024-09-25,1488.0069580078125,1490.5468626388433,1474.3116560624171,1477.9970102640052,7069002,0.003071732849347697,1475.2579520089287,1596.9801663885871
2024-09-26,1491.9910888671875,1498.017070530802,1482.1305684499498,1484.7202013028073,18818998,0.0026774947777858937,1478.9076450892858,1596.9801663885871
2024-09-27,1520.1038818359375,1527.3747692811157,1486.0647823070499,1493.0369361114394,20597478,0.018842467075386393,1487.832728794643,1596.9801663885871
2024-09-30,1470.701171875,1518.9086621673466,1468.5348969230117,1513.3558880158446,27008814,-0.03249956174131363,1488.8145228794642,1596.9801663885871
2024-10-01,1458.997802734375,1482.0308103038055,1457.0057588364782,1474.7599230273088,16431642,-0.007957679890677194,1485.8122035435267,1596.9801663885871
2024-10-03,1401.3780517578125,1443.634334423912,1396.4975195620746,1430.8602791168494,37757294,-0.03949269208533057,1473.5184500558037,1596.9801663885871
2024-10-04,1381.0093994140625,1411.711728297617,1376.2782950115372,1398.34020617394,37072876,-0.014534730523430572,1458.8840506417412,1596.9801663885871
2024-10-07,1365.272216796875,1390.9447078848398,1355.9594355150189,1387.9566419173104,22181340,-0.011395420352580121,1441.3505161830358,1596.9801663885871
2024-10-08,1391.791259765625,1395.4267642320656,1359.669551595401,1367.513224520688,17020808,0.0194239966524532,1427.0362548828125,1596.9801663885871
2024-10-09,1369.1318359375,1395.4019165531051,1367.0402140253339,1391.9656892391695,14310610,-0.01628076313106086,1405.4688197544642,1596.9801663885871
2024-10-10,1365.595947265625,1380.4864268287754,1363.9774115920343,1374.5352199766685,22358646,-0.0025825772062730845,1390.4537876674108,1596.9801663885871
2024-10-11,1366.6417236328125,1377.7723178051706,1363.3797273571677,1364.5501018082973,7980122,0.0007658021900851519,1377.2600620814733,1596.9801663885871
2024-10-14,1367.0650634765625,1374.5849563155427,1362.8070452852592,1373.962442591221,12221432,0.0003097665148292794,1372.3582066127233,1596.9801663885871
2024-10-15,1338.678466796875,1366.243302159234,1335.3666207605413,1353.1207855156183,33762794,-0.02076462740368623,1366.3109305245537,1596.9801663885871
2024-10-16,1348.6884765625,1358.5740438069333,1332.3039628645522,1334.6695151768993,20034438,0.007477531023245998,1363.9418247767858,1596.9801663885871
2024-10-17,1351.0291748046875,1363.0062419523483,1346.6715786036464,1360.2671814831224,15543660,0.0017355366215876522,1358.1186697823662,1596.9801663885871
2024-10-18,1353.8927001953125,1362.9814005892638,1335.9891081789099,1346.796043723323,12082452,0.002119514103785969,1355.941650390625,1596.9801663885871
2024-10-21,1363.7532958984375,1368.5342502099143,1352.3239675798945,1361.686598848784,14067408,0.007283144152932186,1355.6784144810267,1596.9801663885871
2024-10-22,1338.006103515625,1370.5262455038624,1334.8935348257999,1363.7532474009167,15831960,-0.018879655477459623,1351.587611607143,1596.9801663885871
2024-10-23,1333.2003173828125,1352.0748848775756,1329.689315659354,1332.1793705575924,17214742,-0.0035917520257832125,1346.749790736607,1596.9801663885871
2024-10-24,1334.4703369140625,1338.3547254831988,1317.8616212723593,1329.9633130042932,22155934,0.0009526096826493191,1346.1486293247767,1596.9801663885871
2024-10-25,1322.5677490234375,1339.002111534351,1316.7410448137834,1338.1555171764887,18597496,-0.008919334931152934,1342.4170968191963,1596.9801663885871
2024-10-28,1329.0418701171875,1347.6177038778262,1316.8406011796387,1331.6813526124565,10824350,0.004895114899429842,1339.2760532924108,1596.9801663885871
2024-10-29,1334.66943359375,1337.856655249044,1315.0478495098762,1322.8167478889227,12008361,0.004234301118042572,1336.5298723493304,1596.9801663885871
2024-10-30,1338.553955078125,1344.62966480214,1320.0776988278842,1329.6893351932274,11984423,0.0029104745988790537,1332.929966517857,1596.9801663885871
2024-10-31,1326.7510986328125,1337.6574904459744,1320.8745447599274,1334.6694245700712,9331650,-0.008817617250717169,1331.3221086774554,1596.9801663885871
2024-11-01,1333.3248291015625,1336.6116286385318,1327.6972806767253,1327.7471304089104,2127335,0.004954757886030059,1331.3398960658483,1596.9801663885871
2024-11-04,1296.9700927734375,1334.6695017714562,1279.9878687625326,1332.5280301195805,19796890,-0.02726622615482377,1325.9827183314733,1596.9801663885871
2024-11-05,1300.1075439453125,1304.3406373759979,1281.0336986406933,1287.8564249120313,16267479,0.002419062081197243,1322.7741176060267,1596.9801663885871
2024-11-06,1320.0777587890625,1323.0160966964434,1295.0277806900112,1304.7888451117578,21625209,0.015360433017062691,1321.4935302734375,1596.9801663885871
2024-11-07,1300.4561767578125,1318.7331565363688,1297.4182609581876,1318.7331565363688,9611974,-0.014863959263467397,1316.605922154018,1596.9801663885871
2024-11-08,1278.6431884765625,1296.4720058402277,1269.9279963447846,1292.4879180085577,19814406,-0.01677333590404584,1308.0472412109375,1596.9801663885871
2024-11-11,1267.6370849609375,1280.884225507143,1261.9598084895413,1273.8622221377802,9056552,-0.008607642550177097,1299.6023821149554,1596.9801663885871
2024-11-12,1269.1810302734375,1284.1712099692156,1262.4578817905294,1270.4759075040322,10671091,0.0012179710824313794,1290.4389822823662,1596.9801663885871
2024-11-13,1247.0693359375,1270.3761523895544,1244.5294313213271,1265.196886863478,14633633,-0.017422017670066903,1283.310302734375,1596.9801663885871
2024-11-14,1262.5574951171875,1267.537605244334,1246.1231316976048,1248.613186761178,12612633,0.012419645590951989,1277.946010044643,1596.9801663885871
2024-11-18,1255.7347412109375,1267.8364328732807,1238.951794764919,1262.55746761959,13620611,-0.005403915411881233,1268.754150390625,1596.9801663885871
2024-11-19,1236.710693359375,1276.4021442257297,1230.236550606767,1255.734688515481,14183746,-0.01514973443612555,1259.6476527622767,1596.9801663885871
2024-11-21,1218.1348876953125,1239.0014996478671,1212.407761281373,1236.7107220331202,19433843,-0.015020332373453904,1251.0036097935267,1596.9801663885871
2024-11-22,1260.3662109375,1263.8024380613526,1217.586994857739,1224.509420421979,20471957,0.03466883977199631,1249.9649135044642,1596.9801663885871
2024-11-25,1281.8802490234375,1299.260783408558,1277.3483005192684,1284.868314871977,28923341,0.017069672210535236,1251.779087611607,1596.9801663885871
2024-11-26,1290.545654296875,1292.687125909721,1279.0914013187908,1289.7986377983043,9247557,0.0067599179252813,1257.989990234375,1596.9801663885871
2024-11-27,1288.0555419921875,1298.6632001168684,1280.8842325588682,1288.3543972122054,9572746,-0.0019295034595612215,1261.632568359375,1596.9801663885871
2024-11-28,1265.7447509765625,1291.442044503892,1264.0017125526565,1284.818474176107,15027412,-0.017321295773564005,1263.0625697544642,1596.9801663885871
2024-11-29,1287.0595703125,1294.3305794929802,1270.177046170391,1274.9081506356404,13202307,0.016839745390603067,1270.2552664620537,1596.9801663885871
2024-12-02,1303.9422607421875,1306.133460567327,1271.9699779978703,1282.876370557777,11024152,0.013117256434050262,1282.513462611607,1596.9801663885871
2024-12-03,1318.035888671875,1321.5219654799555,1301.8006823317874,1311.7609017834461,16869482,0.010808475462453115,1290.751988002232,1596.9801663885871
2024-12-04,1303.742919921875,1323.1156203515295,1298.8625094957517,1320.7251432865569,19608540,-0.010844142312697147,1293.8752267020088,1596.9801663885871
2024-12-05,1316.7908935546875,1324.6593698468237,1300.9541199209712,1309.1214514378748,16858723,0.010008087816572253,1297.624546595982,1596.9801663885871
2024-12-06,1306.3326416015625,1318.6334884089777,1304.7887589399247,1318.6334884089777,9037514,-0.007942226821521237,1300.235560825893,1596.9801663885871
2024-12-09,1289.9979248046875,1309.7689372979064,1287.9560310594236,1297.8166732313093,14650002,-0.01250425525373744,1303.7002999441963,1596.9801663885871
2024-12-10,1279.73876953125,1289.7488386952925,1275.107243177966,1284.121290398709,16043729,-0.00795284633887361,1302.6544712611608,1596.9801663885871
2024-12-11,1273.115234375,1284.8683422637005,1270.9738844056644,1279.8882324099652,11724373,-0.005175693128900094,1298.2506103515625,1596.9801663885871
2024-12-12,1257.876220703125,1273.1152845047754,1255.5853214463157,1264.9479526569407,20906813,-0.0119698620049552,1289.6563720703125,1596.9801663885871
2024-12-13,1267.78662109375,1270.1272485556606,1234.6688884780408,1254.9877622795104,28630222,0.007878676953671393,1284.5197579520088,1596.9801663885871
2024-12-16,1263.2547607421875,1275.904191603511,1261.511722229068,1269.9280595585296,9486781,-0.003574623896608675,1276.8717389787946,1596.9801663885871
2024-12-17,1240.34619140625,1258.8721754853295,1237.8561365143116,1256.033537225462,17462791,-0.018134560064890004,1267.445103236607,1596.9801663885871
2024-12-18,1248.2645263671875,1254.9378248920182,1235.714673937889,1235.714673937889,12670179,0.006383971681293232,1261.483189174107,1596.9801663885871
2024-12-19,1225.55517578125,1239.947766097918,1224.1109925687356,1234.0712121990753,14244653,-0.018192738883663018,1253.74267578125,1596.9801663885871
2024-12-20,1200.50537109375,1234.5692750261348,1196.7204388413884,1219.1309339507777,20312896,-0.02043955684943488,1243.369838169643,1596.9801663885871
2024-12-23,1217.437744140625,1222.3181546925216,1208.3738466363206,1210.1667348774333,10052824,0.014104370921263154,1237.5929129464287,1596.9801663885871
2024-12-24,1217.8858642578125,1228.6429501715868,1216.1428258096823,1217.4377030050357,6734917,0.0003680846263756088,1230.4642333984375,1596.9801663885871
2024-12-26,1211.7105712890625,1222.8161189414398,1209.4196721335327,1219.3798917928577,10016178,-0.0050705022120551835,1223.1007777622767,1596.9801663885871
2024-12-27,1216.1927490234375,1223.0154756156849,1212.1588111658666,1213.4536884394554,7000397,0.0036990497900886155,1219.6502859933037,1596.9801663885871
2024-12-30,1205.8837890625,1218.3340640862093,1203.294156174512,1211.5611874241417,8818766,-0.008476419522493672,1213.5958949497767,1596.9801663885871
2024-12-31,1210.6148681640625,1214.2503727116298,1201.3519366916562,1203.1945530395503,6405475,0.003923329216690696,1211.4615652901787,1596.9801663885871
